Parcela,Hacienda,Fibra_larga,Fibra_corta,Medula,Fibra_cana,Brix_cana,Sacarosa_cana,Name,Rep,Block,Ambiente
1,Balsora,37.88925137,8.217175783,53.89357285,12.55717815,17.14282185,15.47838262,S29,1,1,Balsora_1
2,Balsora,50.5402844,4.42514793,45.03456767,13.16821906,16.53178094,14.74612615,S165,1,1,Balsora_1
3,Balsora,31.83521595,7.8910299,60.27375415,8.987648705,16.41235129,14.1981408,S167,1,1,Balsora_1
4,Balsora,46.33220516,5.355373137,48.3124217,15.18005562,13.41994438,10.73494378,S123,1,1,Balsora_1
5,Balsora,41.63262609,9.011115828,49.35625809,10.46220821,18.53779179,17.12269591,S203,1,1,Balsora_1
6,Balsora,26.32388705,14.50195827,59.17415468,10.52642153,17.27357847,15.43981361,S49,1,2,Balsora_1
7,Balsora,28.19278383,9.63919162,62.16802455,11.31381498,16.98618502,14.94852833,S46,1,2,Balsora_1
8,Balsora,32.96923317,15.22991702,51.80084981,11.70000692,16.99999308,15.06296259,S44,1,2,Balsora_1
9,Balsora,28.34298694,13.3310619,58.32595116,12.47759217,17.52240783,15.89312543,S28,1,2,Balsora_1
10,Balsora,37.46268657,17.31343284,45.2238806,12.3643009,16.5356991,14.787729,S4,1,3,Balsora_1
11,Balsora,30.85663691,12.28264345,56.86071964,10.32551714,18.07448286,16.40607398,S172,1,3,Balsora_1
12,Balsora,37.95892017,9.702519495,52.33856034,15.5144288,17.5855712,16.05030162,S42,1,3,Balsora_1
13,Balsora,34.37744204,8.782669098,56.83988886,12.09389906,15.80610094,13.62368915,S93,1,3,Balsora_1
14,Balsora,37.49675513,9.912338505,52.59090637,12.30738503,18.59261497,16.99436965,S62,1,4,Balsora_1
15,Balsora,30.93693606,11.41052529,57.65253865,9.717485042,18.38251496,16.85694668,S142,1,4,Balsora_1
16,Balsora,41.16006281,19.09594206,39.74399513,24.46933654,8.230663463,5.017442014,S2,1,4,Balsora_1
17,Balsora,24.47283417,3.046855152,72.48031067,10.89821084,17.30178916,15.29754324,S13,1,4,Balsora_1
18,Balsora,42.62811509,5.804807577,51.56707733,14.24715277,17.85284723,16.11661619,S99,1,4,Balsora_1
19,Balsora,41.30412716,8.311171563,50.38470127,14.42184709,18.17815291,16.54920256,S85,1,5,Balsora_1
20,Balsora,24.13979951,12.46066315,63.39953734,13.13036332,18.46963668,16.80318209,S39,1,5,Balsora_1
21,Balsora,41.2165483,13.0061284,45.7773233,12.25609737,16.34390263,14.44547569,S159,1,5,Balsora_1
22,Balsora,41.8718286,4.273162939,53.85500846,9.961630365,15.53836964,13.35603467,S145,1,5,Balsora_1
23,Balsora,36.18515148,6.310406102,57.50444242,13.73685225,17.86314775,16.04513366,S50,1,6,Balsora_1
24,Balsora,31.7317586,4.874066121,63.39417528,12.53569483,17.46430517,15.69343672,S48,1,6,Balsora_1
25,Balsora,29.29020879,10.42520736,60.28458385,12.36784116,17.63215884,16.07062351,S170,1,6,Balsora_1
26,Balsora,42.40219975,2.68427717,54.91352308,10.69749514,19.50250486,18.30088655,S202,1,6,Balsora_1
27,Balsora,38.22580645,20,41.77419355,12.25509804,17.24490196,15.41359426,S177,1,7,Balsora_1
28,Balsora,35.13590553,14.32759849,50.53649598,11.17741122,18.22258878,16.52155017,S88,1,7,Balsora_1
29,Balsora,44.62690287,10.05467655,45.31842058,12.37318487,17.42681513,15.80415365,S47,1,7,Balsora_1
30,Balsora,34.38972765,17.56265766,48.04761469,10.66122771,17.73877229,16.15275363,S141,1,7,Balsora_1
31,Balsora,39.93506494,18.99350649,41.07142857,11.86646922,16.53353078,14.5517399,S80,1,7,Balsora_1
32,Balsora,31.37747021,13.07536733,55.54716246,10.53526077,17.66473923,16.09898978,S24,1,8,Balsora_1
33,Balsora,25.04195687,16.04011077,58.91793237,10.12492777,17.77507223,15.95845775,S168,1,8,Balsora_1
34,Balsora,43.41354598,8.324447884,48.26200614,13.54876773,16.35123227,14.37853679,S187,1,8,Balsora_1
35,Balsora,49.88888889,14.11111111,36,18.55110483,10.14889517,7.076233081,S156,1,8,Balsora_1
36,Balsora,38.73735568,9.560261614,51.7023827,7.287171892,17.91282811,16.08597756,S22,1,9,Balsora_1
37,Balsora,52.08073203,7.0705753,40.84869267,13.8137329,14.9862671,12.64746084,S104,1,9,Balsora_1
38,Balsora,45.94549182,12.51806298,41.53644521,15.99063419,13.70936581,11.34940761,S61,1,9,Balsora_1
39,Balsora,41.61666078,8.328315442,50.05502377,12.78530795,17.01469205,15.1898508,S87,1,9,Balsora_1
40,Balsora,24.4264049,6.7574682,68.8161269,11.92324545,18.57675455,16.98385802,S177,1,10,Balsora_1
41,Balsora,26.16918768,9.566386555,64.26442577,12.16965098,18.33034902,16.81501175,S15,1,10,Balsora_1
42,Balsora,40.46769367,6.731685692,52.80062064,11.58416878,13.61583122,10.6952903,S125,1,10,Balsora_1
43,Balsora,40.31430473,4.86055948,54.82513579,12.39891138,17.40108862,15.67198656,S36,1,10,Balsora_1
44,Balsora,26.1276633,11.48444678,54.22,13.04626523,17.35373477,15.5569626,S12,1,10,Balsora_1
45,Balsora,28.32347333,10.46056813,61.21595854,10.80756281,17.89243719,16.09171847,S73,1,11,Balsora_1
46,Balsora,29.27803586,15.02277879,55.69918535,12.12063084,17.57936916,16.03412009,S180,1,11,Balsora_1
47,Balsora,41.72613712,14.25702583,44.01683704,22.81522443,8.884775573,5.763730376,S106,1,11,Balsora_1
48,Balsora,37.4365784,9.858094181,52.70532741,10.68949355,16.61050645,14.78336202,S201,1,11,Balsora_1
49,Balsora,36.97975475,9.135309718,53.88493554,9.852282766,18.34771723,16.73108466,S214,1,12,Balsora_1
50,Balsora,39.42466934,5.363098074,55.21223258,7.712015876,18.08798412,16.08305278,S60,1,12,Balsora_1
51,Balsora,48.63624723,3.359228274,48.0045245,10.2295531,14.2704469,11.75978503,S162,1,12,Balsora_1
52,Balsora,34.6329699,5.222830729,60.14419937,7.513854266,16.38614573,14.26344582,S216,1,12,Balsora_1
53,Balsora,41.38414726,6.18485509,52.43099765,13.10888971,17.09111029,15.5257026,S64,1,13,Balsora_1
54,Balsora,52.45115642,5.877470149,41.67137343,15.83520621,14.86479379,12.69820979,S108,1,13,Balsora_1
55,Balsora,31.79447407,6.561318468,61.64420746,10.68802272,17.51197728,15.63695742,S107,1,13,Balsora_1
56,Balsora,29.45475897,8.423125967,62.12211506,11.8357715,15.8642285,13.68823907,S83,1,13,Balsora_1
57,Balsora,43.24351608,8.699134893,48.05734902,13.96762978,17.33237022,15.6318725,S67,1,13,Balsora_1
58,Balsora,30.10020555,8.016443988,61.88335046,13.98991824,15.51008176,13.19377251,S211,1,14,Balsora_1
59,Balsora,35.42636197,6.756037137,57.81760089,10.95017201,17.54982799,15.72558754,S197,1,14,Balsora_1
60,Balsora,42.15770302,9.631454896,48.21084208,13.67710619,12.32289381,9.377755498,S160,1,14,Balsora_1
61,Balsora,47.78100061,10.94478597,41.27421342,11.58411108,16.31588892,14.35424778,S128,1,14,Balsora_1
62,Balsora,33.32594047,8.81968589,57.85437364,11.83765739,16.76234261,14.87573346,S68,1,15,Balsora_1
63,Balsora,31.05304528,15.72303075,53.22392397,7.991197517,18.20880248,16.5438193,S20,1,15,Balsora_1
64,Balsora,32.12946763,7.18927411,60.68125826,12.89893621,15.90106379,13.76246674,S119,1,15,Balsora_1
65,Balsora,26.92244481,21.93349281,51.14406238,14.59435747,15.70564253,13.72342044,S9,1,15,Balsora_1
66,Balsora,35.38098295,11.14056707,53.47844997,11.94612429,18.85387571,17.58127163,S29,1,16,Balsora_1
67,Balsora,28.83557422,16.98586984,54.17855594,10.36999157,17.23000843,15.32913798,S183,1,16,Balsora_1
68,Balsora,41.20063792,7.294415352,51.50494673,11.99042872,17.90957128,16.44155393,S75,1,16,Balsora_1
69,Balsora,21.06355639,14.62637145,64.31007216,9.776306608,20.52369339,19.17479825,S56,1,16,Balsora_1
70,Balsora,31.91400863,7.364434423,60.72155695,13.14256909,17.95743091,16.20004697,S53,1,16,Balsora_1
71,Balsora,49.0043747,6.504551706,44.49107359,12.39125684,18.50874316,17.11963094,S92,1,17,Balsora_1
72,Balsora,34.77060365,8.931751336,56.29764501,12.86633478,16.43366522,14.37036626,S82,1,17,Balsora_1
73,Balsora,47.26909789,8.440690979,44.29021113,15.19972988,7.400270123,3.608332415,S110,1,17,Balsora_1
74,Balsora,38.12061134,11.93871588,49.94067279,12.43885844,18.46114156,17.08512172,S59,1,17,Balsora_1
75,Balsora,49.07866865,7.51531434,43.40601701,11.42006285,10.77993715,7.551056515,S221,1,18,Balsora_1
76,Balsora,49.65115905,3.985146127,46.36369482,15.56330651,8.736693491,5.280125071,S117,1,18,Balsora_1
77,Balsora,27.16609612,15.65958124,57.17432264,8.965970859,16.33402914,14.56845678,S43,1,18,Balsora_1
78,Balsora,41.47486689,5.615645831,52.90948728,10.68616562,17.81383438,16.10272761,S14,1,18,Balsora_1
79,Balsora,45.98843879,10.78296858,43.22859264,12.74781205,16.35218795,14.65862536,S29,1,19,Balsora_1
80,Balsora,33.58417824,6.657893274,59.75792849,13.57444485,15.82555515,13.86469756,S158,1,19,Balsora_1
81,Balsora,37.63038246,11.86719138,50.50242616,13.60368219,17.69631781,16.17365294,S171,1,19,Balsora_1
82,Balsora,44.08322727,5.561448169,50.35532457,16.35882131,14.44117869,12.3062023,S90,1,19,Balsora_1
83,Balsora,33.29023574,12.03662705,54.67313721,15.65813619,16.84186381,15.00189732,S175,1,19,Balsora_1
84,Balsora,30.82674209,16.5141509,52.659107,12.95638642,17.34361358,15.56585398,S120,1,20,Balsora_1
85,Balsora,38.40653492,10.01295876,51.58050632,11.26107975,16.83892025,14.88176088,S57,1,20,Balsora_1
86,Balsora,32.05608802,15.49310044,52.45081153,13.34738117,18.55261883,17.01209345,S185,1,20,Balsora_1
87,Balsora,41.17090165,10.1298898,48.69920854,15.34441016,14.45558984,12.06945379,S109,1,20,Balsora_1
88,Balsora,27.65078632,10.93922368,61.40998999,10.38746801,16.71253199,14.65785224,S192,1,21,Balsora_1
89,Balsora,34.61621283,1.524969168,63.858818,15.74860783,15.95139217,13.95227763,S194,1,21,Balsora_1
90,Balsora,26.91602144,8.538415724,64.54556284,9.239625635,18.06037436,16.4511639,S95,1,21,Balsora_1
91,Balsora,36.27645461,7.05707099,56.6664744,12.16953099,17.63046901,16.15255629,S69,1,21,Balsora_1
92,Balsora,36.04924851,15.31430192,48.63644957,10.87703133,17.92296867,16.1857481,S64,1,22,Balsora_1
93,Balsora,28.76076909,14.7182112,56.52101971,9.643571815,17.25642818,15.5706922,S154,1,22,Balsora_1
94,Balsora,52.80799796,10.87840133,36.31360071,32.02470608,6.375293925,2.686227426,S3,1,22,Balsora_1
95,Balsora,34.32074236,12.23273351,53.44652412,12.18322174,17.71677826,16.11080811,S177,1,22,Balsora_1
96,Balsora,34.38437853,18.22114822,47.39447324,11.88056327,16.91943673,14.44384401,S150,1,22,Balsora_1
97,Balsora,29.08888135,11.18169035,59.72942831,12.52897918,16.17102082,14.23762158,S32,1,23,Balsora_1
98,Balsora,36.09645479,10.47621186,53.42733335,11.55855084,17.84144916,16.35190264,S65,1,23,Balsora_1
99,Balsora,52.0027644,13.37598678,34.62124882,35.81951987,5.880480128,2.030433339,S132,1,23,Balsora_1
100,Balsora,33.14285714,5.437407953,61.4197349,12.97767149,17.12232851,15.37426465,S207,1,23,Balsora_1
101,Balsora,29.55931084,12.33973689,58.10095228,15.75112063,17.74887937,16.17496933,S121,1,24,Balsora_1
102,Balsora,42.0254671,5.08627871,52.88825419,11.85143458,15.44856542,13.25837147,S164,1,24,Balsora_1
103,Balsora,31.2820941,14.35937043,54.35853547,12.53801363,17.56198637,15.80656383,S205,1,24,Balsora_1
104,Balsora,40.93481747,8.357702104,50.70748043,11.86452858,17.83547142,16.42023111,S200,1,24,Balsora_1
105,Balsora,33.22318576,8.368781378,58.40803286,10.91535726,17.28464274,15.64657232,S29,1,25,Balsora_1
106,Balsora,43.98784778,11.16676097,44.84539126,10.69756904,18.00243096,16.32008869,S177,1,25,Balsora_1
107,Balsora,36.59720343,12.98511502,50.41768155,13.22879672,9.271203278,5.857907176,S105,1,25,Balsora_1
108,Balsora,37.53894081,20.40498442,42.05607477,15.13913248,18.36086752,16.97060764,S137,1,25,Balsora_1
109,Balsora,40.74350749,7.799797864,51.45669464,9.575151352,19.12484865,17.79313277,S149,1,25,Balsora_1
110,Balsora,46.25446353,12.78049379,40.96504268,15.36802213,9.431977869,5.930850543,S138,1,26,Balsora_1
111,Balsora,25.48964218,16.35828625,58.15207156,12.28126631,17.01873369,15.03495086,S58,1,26,Balsora_1
112,Balsora,23.03777186,15.23598577,61.72624237,12.07893964,14.92106036,12.64039469,S179,1,26,Balsora_1
113,Balsora,43.17491734,3.589662851,53.23541981,9.70231396,15.09768604,12.85828344,S77,1,26,Balsora_1
114,Balsora,34.36865768,9.425818882,56.20552344,9.42711885,18.07288115,16.37647966,S209,1,27,Balsora_1
115,Balsora,49.49798371,5.645625874,44.85639042,12.07986795,16.82013205,14.98994305,S127,1,27,Balsora_1
116,Balsora,39.87909558,4.519932018,55.6009724,7.945361234,18.05463877,16.45269213,S217,1,27,Balsora_1
117,Balsora,48.9270714,4.29362352,46.77930508,11.72378959,17.07621041,15.2852179,S143,1,27,Balsora_1
118,Balsora,42.11991593,8.283860024,49.59622405,15.04673055,15.65326945,13.86449765,S153,1,28,Balsora_1
119,Balsora,24.67148638,3.73452159,71.59399203,11.10548108,17.99451892,16.60364574,S64,1,28,Balsora_1
120,Balsora,30.08902821,7.984952978,61.92601881,10.5154687,17.2845313,15.5726984,S11,1,28,Balsora_1
121,Balsora,32.73757905,6.057657734,61.20476321,12.22954626,17.67045374,16.00932929,S102,1,28,Balsora_1
122,Balsora,41.09637222,7.396241584,51.50738619,9.10466923,17.89533077,16.20867473,S218,1,28,Balsora_1
123,Balsora,44.00067899,2.892962801,53.10635821,8.356776674,17.04322333,15.36260759,S17,1,29,Balsora_1
124,Balsora,35.00685695,2.884203308,62.10893974,10.04412872,18.15587128,16.53059658,S219,1,29,Balsora_1
125,Balsora,35.07613724,6.129529684,58.79433308,10.11525003,18.58474997,17.13148836,S66,1,29,Balsora_1
126,Balsora,32.89655575,9.727224937,57.37621931,10.83704695,19.16295305,17.75303556,S38,1,29,Balsora_1
127,Balsora,39.84022377,5.547667988,54.61210824,12.2137196,16.4862804,14.70619954,S126,1,30,Balsora_1
128,Balsora,27.28655422,9.184808517,63.52863726,11.53163069,18.76836931,17.50844269,S64,1,30,Balsora_1
129,Balsora,30.6394462,13.22773671,56.13281708,9.417226326,17.58277367,16.11103488,S152,1,30,Balsora_1
130,Balsora,36.12121212,5.104818679,58.7739692,10.33177226,17.06822774,15.22599751,S135,1,30,Balsora_1
131,Balsora,46.3345367,8.293622142,45.37184116,14.76173738,11.63826262,8.768148509,S161,1,31,Balsora_1
132,Balsora,41.91819213,4.212727151,53.86908072,10.72445498,18.47554502,16.95447936,S177,1,31,Balsora_1
133,Balsora,37.84254961,14.47963801,47.67781238,12.03844708,16.76155292,14.80809871,S186,1,31,Balsora_1
134,Balsora,14.99947606,16.84375982,68.15676412,12.82162874,17.97837126,16.47097319,S41,1,31,Balsora_1
135,Balsora,40.70088429,3.537173069,55.76194264,11.9456464,14.2543536,11.88671174,S155,1,31,Balsora_1
136,Balsora,33.69389696,11.814542,54.49156104,11.56882992,18.23117008,16.69870445,S212,1,32,Balsora_1
137,Balsora,36.64086103,7.125660876,56.2334781,10.52120531,17.07879469,15.40668995,S133,1,32,Balsora_1
138,Balsora,43.93474133,2.369845995,53.69541267,8.804522991,16.69547701,14.87290464,S78,1,32,Balsora_1
139,Balsora,34.55221012,7.679692505,57.76809737,9.553015203,18.4469848,16.85413822,S169,1,32,Balsora_1
140,Balsora,40.14798168,6.881784261,52.97023406,10.13550718,16.86449282,15.10567782,S70,1,33,Balsora_1
141,Balsora,46.81565962,4.567709233,48.61663115,12.52152003,17.47847997,15.90202934,S96,1,33,Balsora_1
142,Balsora,44.75043029,7.745266781,47.50430293,14.80488282,14.99511718,13.00517206,S147,1,33,Balsora_1
143,Balsora,,,,11.72625437,17.07374563,15.28956058,S25,1,33,Balsora_1
144,Balsora,41.94741334,2.946316089,55.10627057,14.02489317,15.37510683,13.25624899,S55,1,34,Balsora_1
145,Balsora,41.85083726,4.308871084,53.84029165,14.17607796,17.62392204,16.09224393,S29,1,34,Balsora_1
146,Balsora,37.93242442,5.88974511,56.17783047,9.466688674,18.33331133,16.71792803,S181,1,34,Balsora_1
147,Balsora,40.15886021,5.218717283,54.6224225,12.24476709,17.65523291,16.1378965,S54,1,34,Balsora_1
148,Balsora,,,,11.07932937,16.92067063,15.08105513,S26,1,34,Balsora_1
149,Balsora,30.68172618,7.578333738,61.73994009,13.52039627,15.67960373,13.69651867,S45,1,35,Balsora_1
150,Balsora,36.1043591,12.79978934,51.09585156,7.691351349,17.30864865,15.45618746,S122,1,35,Balsora_1
151,Balsora,41.51430551,11.05396839,47.43172611,12.46305225,17.93694775,16.59240846,S64,1,35,Balsora_1
152,Balsora,39.8611475,12.32206794,47.81678456,9.25051201,17.44948799,15.64628861,S116,1,35,Balsora_1
153,Balsora,40.34989329,9.063575891,50.58653082,17.35541515,12.94458485,10.37303828,S6,1,36,Balsora_1
154,Balsora,35.9653077,14.0536252,49.98106709,13.00044318,14.39955682,12.11502744,S7,1,36,Balsora_1
155,Balsora,56.41384557,8.016736402,35.56941803,13.87178005,15.72821995,13.79675911,S166,1,36,Balsora_1
156,Balsora,,,,10.53009973,16.16990027,14.29150376,S98,1,36,Balsora_1
157,Balsora,40.51199786,10.64768398,48.84031816,11.06108062,16.73891938,15.03897961,S193,1,37,Balsora_1
158,Balsora,47.09266979,1.463435817,51.44389439,12.39371707,16.80628293,15.08642217,S177,1,37,Balsora_1
159,Balsora,43.27864438,3.496759054,53.22459656,13.65898005,14.24101995,11.98327992,S89,1,37,Balsora_1
160,Balsora,50.13112076,8.424687961,41.44419128,20.02641629,12.47358371,9.797526385,S139,1,37,Balsora_1
161,Balsora,47.8374466,3.7284186,48.4341348,14.52327114,17.07672886,15.58964765,S191,1,37,Balsora_1
162,Balsora,38.58987378,3.825827444,57.58429877,11.4374303,17.5625697,15.87064628,S94,1,38,Balsora_1
163,Balsora,34.85261564,9.406967261,55.7404171,10.60417107,17.99582893,16.44217725,S182,1,38,Balsora_1
164,Balsora,25.08210371,18.02349785,56.89439845,11.744044,16.755956,15.15174603,S72,1,38,Balsora_1
165,Balsora,,,,14.46290228,13.93709772,11.40717055,S103,1,38,Balsora_1
166,Balsora,42.34590222,5.390393469,52.26370431,12.96154284,16.93845716,15.35845837,S115,1,39,Balsora_1
167,Balsora,32.25973163,9.162221525,58.57804684,11.5990096,16.3009904,14.46376041,S114,1,39,Balsora_1
168,Balsora,34.68066411,2.340100819,62.97923507,10.78743382,15.71256618,13.45694473,S173,1,39,Balsora_1
169,Balsora,34.12574367,9.947564788,55.92669154,8.664172638,15.93582736,13.79650984,S113,1,39,Balsora_1
170,Balsora,32.57488831,6.374356095,61.0507556,11.51996691,15.78003309,13.66083691,S144,1,40,Balsora_1
171,Balsora,46.22662762,2.663888263,51.10948412,12.47935304,18.52064696,17.24624984,S29,1,40,Balsora_1
172,Balsora,38.7347561,12.8601372,48.40510671,12.93472824,16.06527176,13.94120141,S8,1,40,Balsora_1
173,Balsora,29.15996877,13.11716346,57.72286777,11.53246432,18.36753568,17.14576235,S71,1,40,Balsora_1
174,Balsora,35.64910215,6.818233283,57.53266457,9.009187215,16.39081279,14.36047094,S134,1,40,Balsora_1
175,Balsora,36.52889867,14.91603489,48.55506644,11.81269081,16.08730919,14.24985036,S130,1,41,Balsora_1
176,Balsora,36.04512781,6.783453135,57.17141905,9.367160237,18.63283976,17.07760143,S74,1,41,Balsora_1
177,Balsora,31.86388446,7.620589695,60.51552584,9.176364303,17.4236357,15.53636503,S163,1,41,Balsora_1
178,Balsora,31.44742925,5.632030407,62.92054035,9.512233887,16.78776611,14.88523502,S27,1,41,Balsora_1
179,Balsora,36.78443463,6.132822265,57.0827431,12.34947586,17.65052414,16.05636455,S16,1,42,Balsora_1
180,Balsora,44.20145792,13.27894701,42.51959507,12.19093305,16.80906695,15.00905224,S52,1,42,Balsora_1
181,Balsora,27.16609612,15.65958124,57.17432264,10.61550671,14.28449329,11.93166015,S40,1,42,Balsora_1
182,Balsora,39.23439868,5.478340699,55.28726062,11.93101288,17.76898712,16.2617932,S136,1,42,Balsora_1
183,Balsora,39.44594816,11.57726378,48.97678806,12.17196764,17.72803236,15.99643893,S64,1,43,Balsora_1
184,Balsora,34.80355819,11.39501483,53.80142698,12.10408768,18.39591232,16.87563103,S190,1,43,Balsora_1
185,Balsora,27.71095637,4.670464936,67.6185787,9.96423201,18.13576799,16.50556707,S33,1,43,Balsora_1
186,Balsora,41.62318995,1.453364566,56.92344549,10.18185108,17.21814892,15.26275319,S35,1,43,Balsora_1
187,Balsora,34.75296961,6.180889629,59.06614076,12.59253627,17.10746373,15.23401606,S18,1,43,Balsora_1
188,Balsora,,,,11.56235364,17.43764636,15.71469287,S76,1,44,Balsora_1
189,Balsora,35.4732896,5.862007408,58.66470299,12.96868856,16.23131144,14.26542945,S112,1,44,Balsora_1
190,Balsora,36.9667881,5.135025733,57.89818616,13.8649922,15.0350078,12.98455835,S196,1,44,Balsora_1
191,Balsora,28.43291622,9.155133836,62.41194995,10.69177472,15.50822528,13.41538948,S84,1,44,Balsora_1
192,Balsora,45.4642894,5.023188705,49.5125219,10.88791397,17.61208603,15.95732457,S199,1,45,Balsora_1
193,Balsora,42.0100259,4.306665921,53.68330818,12.87695987,15.52304013,13.33616867,S79,1,45,Balsora_1
194,Balsora,30.11503438,9.349961094,60.53500452,13.56093184,16.23906816,14.26077894,S210,1,45,Balsora_1
195,Balsora,37.71202301,6.128720868,56.15925612,10.53086293,16.56913707,14.53711876,S174,1,45,Balsora_1
196,Balsora,39.13260842,10.37162021,50.49577136,12.54529411,15.45470589,13.41799229,S29,1,46,Balsora_1
197,Balsora,42.99623176,3.374203791,53.62956445,13.37188103,18.32811897,16.85432392,S157,1,46,Balsora_1
198,Balsora,35.57444146,6.241038609,58.18451993,8.719094574,13.58090543,10.63803981,S208,1,46,Balsora_1
199,Balsora,44.27963219,1.877952526,53.84241529,12.59208171,16.70791829,14.84264163,S118,1,46,Balsora_1
200,Balsora,50.36689633,4.137958291,45.49514538,17.28302003,9.816979973,6.470483275,S111,1,46,Balsora_1
201,Balsora,34.12949501,7.102663801,58.76784119,11.7185679,17.2814321,15.43411342,S198,1,47,Balsora_1
202,Balsora,41.72086499,11.69226285,46.58687216,13.50232237,16.19767763,14.2659533,S129,1,47,Balsora_1
203,Balsora,40.452644,8.660302478,50.88705352,11.6670653,15.7329347,13.6772026,S151,1,47,Balsora_1
204,Balsora,40.047514,2.050859373,57.90162663,8.845445262,7.954554738,3.954925391,S184,1,47,Balsora_1
205,Balsora,57.15194697,7.172293373,35.67575966,35.71133398,6.288666021,2.354372109,S1,1,48,Balsora_1
206,Balsora,34.91543016,1.69375575,63.39081409,11.02734075,15.07265925,12.7438165,S189,1,48,Balsora_1
207,Balsora,29.56584058,8.493619382,61.94054004,10.92757825,16.97242175,15.16264093,S176,1,48,Balsora_1
208,Balsora,47.77035294,3.706352941,48.52329412,13.84555211,16.25444789,14.47224834,S140,1,48,Balsora_1
209,Balsora,38.23072594,6.070906021,55.69836804,11.35343071,17.64656929,16.13933439,S64,1,49,Balsora_1
210,Balsora,33.50425742,6.938890718,59.55685186,10.88804209,18.01195791,16.52258685,S10,1,49,Balsora_1
211,Balsora,35.90647774,5.595093073,58.49842919,10.63240956,17.06759044,15.21679404,S31,1,49,Balsora_1
212,Balsora,42.49619791,1.900030417,55.60377167,11.54356438,13.55643562,10.96801318,S215,1,49,Balsora_1
213,Balsora,30.29161081,7.50145426,62.20693493,12.10918289,19.19081711,17.8165768,S178,1,49,Balsora_1
214,Balsora,51.02012659,3.757998034,45.22187538,16.27443676,16.02556324,14.13964516,S86,1,50,Balsora_1
215,Balsora,41.24592087,2.95530378,55.79877535,14.05586201,15.74413799,13.71336174,S97,1,50,Balsora_1
216,Balsora,31.58860949,15.18165905,53.22973146,12.52033826,18.37966174,16.88619841,S34,1,50,Balsora_1
217,Balsora,29.05804966,5.195898208,65.74605214,12.62941155,17.37058845,15.98759848,S100,1,50,Balsora_1
218,Balsora,47.01306848,3.757449033,49.22948249,10.65301989,16.74698011,14.90561565,S51,1,51,Balsora_1
219,Balsora,46.57515197,5.945806349,47.47904168,11.50036564,13.89963436,11.47625194,S81,1,51,Balsora_1
220,Balsora,34.11851307,11.61207214,54.2694148,14.48043108,16.21956892,14.36387337,S148,1,51,Balsora_1
221,Balsora,43.05900207,6.34933656,50.59166137,10.43753343,16.66246657,14.89143577,S37,1,51,Balsora_1
222,Balsora,44.99668655,4.831793552,50.1715199,12.05152931,16.74847069,14.95521128,S177,1,52,Balsora_1
223,Balsora,32.01492537,2.679570896,65.30550373,9.231374436,17.86862556,16.18534483,S63,1,52,Balsora_1
224,Balsora,33.19501187,4.474770593,62.33021754,10.67607062,17.02392938,15.06953155,S23,1,52,Balsora_1
225,Balsora,40.16294446,3.77883769,56.05821785,14.08697219,18.01302781,16.45369321,S204,1,52,Balsora_1
226,Balsora,36.75816993,9.791855204,53.44997486,13.25451966,15.74548034,13.61036695,S131,1,52,Balsora_1
227,Balsora,46.70178221,6.317021598,46.98119619,13.0642872,16.0357128,14.08844721,S91,1,53,Balsora_1
228,Balsora,39.92825844,4.884440244,55.18730131,12.94520685,14.05479315,11.52052238,S124,1,53,Balsora_1
229,Balsora,46.17754814,2.572099577,51.25035228,11.79441101,17.50558899,15.71441694,S30,1,53,Balsora_1
230,Balsora,34.30151807,10.63866079,55.05982115,7.12875415,17.27124585,15.45037772,S206,1,53,Balsora_1
231,Balsora,26.6121016,16.24050927,57.14738913,12.38450116,17.61549884,15.86550998,S195,1,54,Balsora_1
232,Balsora,57.34621541,3.8860622,38.76772239,16.51184854,9.688151463,6.030695796,S101,1,54,Balsora_1
233,Balsora,41.10753487,3.340348271,55.55211686,12.6467333,15.6532667,13.55938547,S5,1,54,Balsora_1
234,Balsora,43.0874568,8.371614823,48.54092838,12.35141968,16.74858032,14.88497835,S220,1,54,Balsora_1
235,Balsora,44.8883171,4.882106337,50.22957656,11.02193694,16.47806306,14.48156211,S64,1,55,Balsora_1
236,Balsora,35.24964209,3.006442377,61.74391553,12.61513176,15.78486824,13.59277414,S188,1,55,Balsora_1
237,Balsora,36.21664285,3.549563771,60.23379338,9.921258387,17.37874161,15.67534705,S146,1,55,Balsora_1
238,Balsora,41.16534151,2.332598908,56.50205958,11.50236383,17.59763617,15.6882239,S19,1,55,Balsora_1
239,Balsora,45.51399315,5.454277844,49.03172901,12.0696051,16.8303949,14.98860191,S21,1,55,Balsora_1
240,Balsora,35.26665408,14.23642699,50.49691893,14.29319214,15.50680786,13.68198793,S84,2,56,Balsora_1
241,Balsora,21.30823726,14.79933904,63.8924237,13.91191911,16.18808089,14.28153261,S56,2,56,Balsora_1
242,Balsora,31.33386615,8.227821478,60.43831237,13.68246707,13.81753293,11.45684542,S192,2,56,Balsora_1
243,Balsora,24.14400067,4.580696534,71.2753028,14.23852689,16.46147311,14.51545723,S163,2,56,Balsora_1
244,Balsora,44.03328051,6.436212361,49.53050713,12.88792049,18.21207951,16.66710779,S21,2,57,Balsora_1
245,Balsora,26.35497835,10.93602694,62.70899471,15.005416,16.994584,15.21547289,S121,2,57,Balsora_1
246,Balsora,49.65587515,3.514542627,46.82958222,16.76847855,16.13152145,14.33269666,S86,2,57,Balsora_1
247,Balsora,53.78566614,7.973239472,38.24109439,12.47605451,16.62394549,14.63395006,S35,2,57,Balsora_1
248,Balsora,47.25660704,8.738370529,44.00502243,15.29585786,17.20414214,15.4406157,S62,2,58,Balsora_1
249,Balsora,40.72152487,12.24360762,47.0348675,14.51444237,16.58555763,14.78654375,S29,2,58,Balsora_1
250,Balsora,27.67173094,11.64134528,60.68692378,11.18403938,19.41596062,18.11184191,S152,2,58,Balsora_1
251,Balsora,35.65664134,5.43080381,58.91255485,13.59363749,16.30636251,14.24937264,S46,2,58,Balsora_1
252,Balsora,38.75769131,11.42646676,49.81584193,12.69975417,17.20024583,15.64194932,S144,2,58,Balsora_1
253,Balsora,45.66717791,19.41798515,34.91483694,27.474618,6.425381999,3.019800867,S2,2,58,Balsora_1
254,Balsora,37.90212517,4.323996447,57.77387838,11.41269696,16.88730304,14.86017201,S216,2,59,Balsora_1
255,Balsora,43.48302082,8.943429277,47.5735499,9.622178352,16.47782165,14.70728485,S27,2,59,Balsora_1
256,Balsora,37.21294999,4.638484498,58.14856551,13.50777939,16.79222061,15.12189045,S51,2,59,Balsora_1
257,Balsora,46.31031279,15.23319913,38.45648808,20.4628183,10.3371817,7.14754895,S117,2,59,Balsora_1
258,Balsora,32.24797242,16.09907738,51.6529502,13.8989859,17.1010141,15.45094313,S214,2,60,Balsora_1
259,Balsora,27.51568608,8.019031984,64.46528193,13.99568371,16.60431629,14.70148557,S16,2,60,Balsora_1
260,Balsora,38.37343014,6.971657911,54.65491195,13.72420041,16.27579959,14.29780295,S167,2,60,Balsora_1
261,Balsora,18.21649843,5.147232858,76.63626871,11.18114256,16.91885744,14.90364123,S194,2,60,Balsora_1
262,Balsora,38.81182366,11.23538383,49.9527925,12.46759048,16.03240952,14.08512859,S177,2,61,Balsora_1
263,Balsora,33.16783186,10.9698535,55.86231465,11.66238923,17.73761077,16.10921406,S190,2,61,Balsora_1
264,Balsora,14.14146878,3.806278286,82.05225293,11.55812444,16.04187556,13.99678226,S98,2,61,Balsora_1
265,Balsora,28.85489146,13.15656621,57.98854233,12.19231663,14.00768337,11.7681614,S155,2,61,Balsora_1
266,Balsora,38.762605,8.403958766,52.83343623,12.36325278,16.43674722,14.52365032,S171,2,61,Balsora_1
267,Balsora,16.82512435,20.67212465,62.502751,12.34724135,17.25275865,15.58270059,S15,2,62,Balsora_1
268,Balsora,34.82032719,6.859315282,58.32035753,12.91179753,16.78820247,15.11395759,S64,2,62,Balsora_1
269,Balsora,44.71802338,5.735879758,49.54609686,12.17950513,17.92049487,16.37998583,S176,2,62,Balsora_1
270,Balsora,29.13392093,12.95437815,57.91170092,11.20506869,18.69493131,17.03738926,S69,2,62,Balsora_1
271,Balsora,36.89787864,12.00592008,51.09620128,14.69012257,17.10987743,15.44916299,S202,2,63,Balsora_1
272,Balsora,45.18942202,11.14288741,43.66769057,13.79144984,16.10855016,14.02534235,S100,2,63,Balsora_1
273,Balsora,24.01588089,7.114640199,68.86947891,13.07723631,14.72276369,12.63008898,S45,2,63,Balsora_1
274,Balsora,43.51336241,7.686458683,48.80017891,13.1731267,16.7268733,14.76097287,S180,2,63,Balsora_1
275,Balsora,43.49186483,6.445556946,50.06257822,13.4531274,17.6468726,16.00909361,S29,2,64,Balsora_1
276,Balsora,43.40096581,6.375107096,50.2239271,13.57367669,15.62632331,13.62490071,S4,2,64,Balsora_1
277,Balsora,57.69397974,5.218413383,37.08760687,17.17711917,16.12288083,14.1314018,S186,2,64,Balsora_1
278,Balsora,29.51575198,12.55037293,57.9338751,11.48893835,16.51106165,14.72158805,S19,2,64,Balsora_1
279,Balsora,48.72077857,4.311728705,46.96749273,12.97285921,17.72714079,16.19456832,S38,2,64,Balsora_1
280,Balsora,33.85816932,15.69717797,50.44465271,13.42239437,15.87760563,13.85638979,S44,2,65,Balsora_1
281,Balsora,58.78107931,10.25423666,30.96468403,39.09639784,6.303602164,2.584918418,S1,2,65,Balsora_1
282,Balsora,33.15870991,15.36078717,51.48050292,10.96372858,16.53627142,14.30382564,S60,2,65,Balsora_1
283,Balsora,25.72893381,15.48741374,58.78365244,10.79994925,18.30005075,16.58968965,S76,2,65,Balsora_1
284,Balsora,36.86214775,8.079461792,55.05839045,12.69849306,15.70150694,13.37534525,S96,2,66,Balsora_1
285,Balsora,50.70491723,4.052660019,45.24242275,12.71510629,14.98489371,12.65101168,S200,2,66,Balsora_1
286,Balsora,31.30487862,7.854001346,60.84112003,14.42159098,15.57840902,13.41182109,S185,2,66,Balsora_1
287,Balsora,45.57795441,7.771499713,46.65054587,10.474747,16.625253,14.46136086,S168,2,66,Balsora_1
288,Balsora,43.61030312,5.691212492,50.69848438,14.74382442,17.45617558,15.82754665,S64,2,67,Balsora_1
289,Balsora,43.99752211,7.96129363,48.04118426,12.27345767,17.92654233,15.93933519,S41,2,67,Balsora_1
290,Balsora,34.95094546,19.83776377,45.21129076,31.10941281,3.890587186,1.979094037,S132,2,67,Balsora_1
291,Balsora,41.19247431,3.095243078,55.71228261,12.75725783,16.74274217,14.61895671,S68,2,67,Balsora_1
292,Balsora,41.63782362,6.906179335,51.45599705,13.70367323,16.99632677,15.02148815,S30,2,67,Balsora_1
293,Balsora,39.82053909,9.273324619,50.90613629,13.28980289,11.91019711,8.744980455,S105,2,68,Balsora_1
294,Balsora,57.50399355,6.302827277,36.19317917,18.01660022,15.28339978,13.13211058,S166,2,68,Balsora_1
295,Balsora,,,,13.29372488,16.60627512,14.57991574,S217,2,68,Balsora_1
296,Balsora,32.80696169,4.960203757,62.23283455,10.35045202,17.74954798,15.83464874,S88,2,68,Balsora_1
297,Balsora,39.74792882,9.366499865,50.88557131,13.32400441,16.77599559,14.95930169,S94,2,69,Balsora_1
298,Balsora,47.85401679,8.200755086,43.94522812,13.74618356,16.85381644,15.21720306,S199,2,69,Balsora_1
299,Balsora,31.09521428,22.4348242,46.46996151,12.97716361,16.82283639,15.05210813,S134,2,69,Balsora_1
300,Balsora,42.26987719,4.598745965,53.13137684,15.80561064,17.39438936,15.79239539,S120,2,69,Balsora_1
301,Balsora,34.69645868,10.97452738,54.32901393,13.21426983,18.58573017,17.23898786,S177,2,70,Balsora_1
302,Balsora,43.6658124,7.963095848,48.37109175,14.30666877,17.09333123,15.41066788,S146,2,70,Balsora_1
303,Balsora,37.68397477,5.197001554,57.11902368,11.72559247,18.07440753,16.50982842,S201,2,70,Balsora_1
304,Balsora,33.39296633,12.21495052,54.39208315,11.92206573,17.27793427,15.34974462,S10,2,70,Balsora_1
305,Balsora,36.85431471,13.47639096,49.66929433,11.94784524,16.65215476,14.72266336,S9,2,70,Balsora_1
306,Balsora,25.7231932,27.15695452,47.11985228,17.61152777,15.28847223,13.36476447,S196,2,71,Balsora_1
307,Balsora,38.25701625,15.95273264,45.79025111,13.87891482,12.72108518,9.97941793,S125,2,71,Balsora_1
308,Balsora,44.60897907,11.80127734,43.58974359,14.66084197,15.33915803,13.36227662,S114,2,71,Balsora_1
309,Balsora,44.22540489,2.691619135,53.08297598,15.99473755,17.60526245,16.03417401,S204,2,71,Balsora_1
310,Balsora,39.7834912,19.07983762,41.13667118,15.98051773,14.61948227,12.36000798,S129,2,72,Balsora_1
311,Balsora,36.51877133,17.40614334,46.07508532,12.17910274,18.42089726,16.70329755,S74,2,72,Balsora_1
312,Balsora,39.27110401,5.125733781,55.60316221,16.99239206,10.40760794,7.19521365,S140,2,72,Balsora_1
313,Balsora,52.81369447,6.335156093,40.85114944,14.86231604,12.43768396,9.459160281,S123,2,72,Balsora_1
314,Balsora,32.78971526,16.43649214,50.7737926,12.63557544,18.06442456,16.46267228,S64,2,73,Balsora_1
315,Balsora,34.33977847,7.884764866,57.77545667,11.0159191,18.2840809,16.82111298,S169,2,73,Balsora_1
316,Balsora,49.4799548,5.441798992,45.07824621,13.02935102,16.37064898,14.33901252,S130,2,73,Balsora_1
317,Balsora,57.33767754,6.582643983,36.07967848,14.25906782,15.94093218,13.96745054,S29,2,73,Balsora_1
318,Balsora,28.08355871,8.46218409,63.4542572,12.87429252,18.02570748,16.36112821,S39,2,73,Balsora_1
319,Balsora,45.83890459,7.242353977,46.91874143,15.83382283,16.56617717,14.49788678,S25,2,74,Balsora_1
320,Balsora,35.46198086,16.80762572,47.73039343,14.96008158,16.13991842,13.96922886,S59,2,74,Balsora_1
321,Balsora,41.60613398,11.53259797,46.86126805,11.25247616,15.04752384,12.68723528,S113,2,74,Balsora_1
322,Balsora,39.7909727,12.98225207,47.22677523,15.04263503,17.35736497,15.53035308,S157,2,74,Balsora_1
323,Balsora,53.98639077,3.005178941,43.00843029,12.90768206,16.79231794,15.02339709,S218,2,75,Balsora_1
324,Balsora,50.1083343,7.436198541,42.45546716,16.09714779,13.90285221,11.18218977,S104,2,75,Balsora_1
325,Balsora,48.19610471,5.395473509,46.40842178,12.17960658,17.52039342,15.78302717,S57,2,75,Balsora_1
326,Balsora,52.17332583,6.007878447,41.81879572,12.62732102,17.47267898,15.82329667,S149,2,75,Balsora_1
327,Balsora,56.3552521,3.683982574,39.96076533,11.36662793,17.73337207,15.85465418,S177,2,76,Balsora_1
328,Balsora,30.2324281,13.69219586,56.07537604,16.20104639,16.69895361,14.80347456,S36,2,76,Balsora_1
329,Balsora,54.88856294,4.970843917,40.14059314,15.53251596,18.36748404,16.87700275,S99,2,76,Balsora_1
330,Balsora,62.23157404,4.655713381,33.11271258,17.88164202,9.118357978,5.631025281,S110,2,76,Balsora_1
331,Balsora,44.22778382,15.51976786,40.25244831,18.69633751,10.40366249,7.158964572,S160,2,76,Balsora_1
332,Balsora,31.14296784,13.01046106,55.8465711,11.56190481,16.93809519,15.10193741,S154,2,77,Balsora_1
333,Balsora,43.9558161,2.812388079,53.23179582,13.88707533,16.51292467,14.69244683,S26,2,77,Balsora_1
334,Balsora,39.81114754,4.902295082,55.28655738,12.39484036,17.50515964,15.78580164,S13,2,77,Balsora_1
335,Balsora,31.13813615,2.561797753,66.30006609,12.08474202,16.41525798,14.64001157,S23,2,77,Balsora_1
336,Balsora,45.57438215,11.05651862,43.36909923,12.15646362,15.44353638,13.26246157,S102,2,78,Balsora_1
337,Balsora,38.89422193,10.23467658,50.87110149,13.07654507,17.62345493,15.97977092,S205,2,78,Balsora_1
338,Balsora,46.68457619,5.52848541,47.7869384,16.01391247,14.18608753,11.93812275,S210,2,78,Balsora_1
339,Balsora,33.47412883,10.794764,55.73110717,13.46282959,17.33717041,15.84661589,S64,2,78,Balsora_1
340,Balsora,40.54745044,3.00103484,56.45151472,12.52263381,17.47736619,15.88863682,S29,2,79,Balsora_1
341,Balsora,21.55200691,8.626672421,69.82132067,12.29040108,17.00959892,15.33459155,S206,2,79,Balsora_1
342,Balsora,44.14495066,6.186871144,49.66817819,13.37395667,13.62604333,10.95038341,S193,2,79,Balsora_1
343,Balsora,55.27361192,7.563206356,37.16318172,17.4253963,13.8746037,11.17313973,S108,2,79,Balsora_1
344,Balsora,57.51151357,4.655953052,37.83253337,14.59258015,14.90741985,12.77066778,S93,2,79,Balsora_1
345,Balsora,48.00072191,7.511831234,44.48744686,13.09768747,17.60231253,15.76520873,S127,2,80,Balsora_1
346,Balsora,29.37069003,11.16797502,59.46133495,13.60993935,14.19006065,11.77431535,S212,2,80,Balsora_1
347,Balsora,46.94029851,7.81016791,45.24953358,11.99407511,17.00592489,15.11088986,S87,2,80,Balsora_1
348,Balsora,36.54575655,10.18922134,53.26502211,13.47962925,16.22037075,14.14143909,S83,2,80,Balsora_1
349,Balsora,38.82000042,10.70153573,50.47846385,12.4631173,17.6368827,15.65157471,S174,2,81,Balsora_1
350,Balsora,,,,,,,S221,2,81,Balsora_1
351,Balsora,52.43235698,3.957378498,43.61026452,13.60199384,14.99800616,12.88000093,S78,2,81,Balsora_1
352,Balsora,38.7882855,9.847037308,51.3646772,11.11845249,18.98154751,17.43900369,S181,2,81,Balsora_1
353,Balsora,41.61369388,8.92533328,49.46097284,12.13589613,18.26410387,16.79560244,S177,2,82,Balsora_1
354,Balsora,46.11825193,7.388603256,46.49314482,12.3860492,16.5139508,14.23877535,S66,2,82,Balsora_1
355,Balsora,57.16794283,4.867789689,37.96426748,14.18638811,14.51361189,12.07919564,S124,2,82,Balsora_1
356,Balsora,52.81780993,10.05391935,37.12827072,24.20830887,9.591691129,6.270463267,S106,2,82,Balsora_1
357,Balsora,41.25487416,7.177123951,51.56800189,11.22506542,16.27493458,14.06432791,S33,2,82,Balsora_1
358,Balsora,25.6615476,18.18350634,56.15494605,14.5389855,15.6610145,13.42621937,S195,2,83,Balsora_1
359,Balsora,43.45250599,10.87888081,45.6686132,14.08690897,13.61309103,11.03099434,S7,2,83,Balsora_1
360,Balsora,23.99395968,8.25238756,67.75365276,11.85815182,13.54184818,10.66626488,S89,2,83,Balsora_1
361,Balsora,46.61902474,7.9550004,45.42597486,14.87873089,17.92126911,16.41227023,S61,2,83,Balsora_1
362,Balsora,28.36547875,10.46113178,61.17338947,10.71664991,16.88335009,14.84832678,S48,2,84,Balsora_1
363,Balsora,40.69041498,10.30317868,49.00640633,13.16880154,13.83119846,11.30758323,S215,2,84,Balsora_1
364,Balsora,34.52233491,17.12084849,48.3568166,11.94200734,18.45799266,16.87465866,S142,2,84,Balsora_1
365,Balsora,44.8365941,8.342794158,46.82061174,22.11319361,8.986806387,5.927547867,S208,2,84,Balsora_1
366,Balsora,42.15765693,8.626307357,49.21603571,15.70290744,16.49709256,14.65880166,S29,2,85,Balsora_1
367,Balsora,,,,14.01732593,16.98267407,15.14769019,S135,2,85,Balsora_1
368,Balsora,33.63892167,10.48152855,55.87954979,11.07791373,18.52208627,17.0406532,S63,2,85,Balsora_1
369,Balsora,35.48453864,10.65943619,53.85602517,13.14198888,16.55801112,14.63461565,S170,2,85,Balsora_1
370,Balsora,39.4118124,6.877052171,53.71113543,12.43418918,17.26581082,15.45175654,S82,2,85,Balsora_1
371,Balsora,48.91000954,8.795887362,42.2941031,16.1792181,13.9207819,11.58148529,S187,2,86,Balsora_1
372,Balsora,44.8529238,6.372120496,48.7749557,12.66630401,15.43369599,13.31833872,S71,2,86,Balsora_1
373,Balsora,51.3426652,4.050260402,44.6070744,12.55735943,16.14264057,13.77628064,S5,2,86,Balsora_1
374,Balsora,44.02044915,3.823782571,52.15576828,11.32294831,16.67705169,14.85271973,S11,2,86,Balsora_1
375,Balsora,53.8263947,5.848999163,40.32460613,15.48609975,9.013900251,5.361467082,S184,2,87,Balsora_1
376,Balsora,36.66666667,17.64705882,45.68627451,10.63311355,17.36688645,15.69571971,S43,2,87,Balsora_1
377,Balsora,54.35692384,3.617303389,42.02577277,12.62475044,15.97524956,13.64010541,S145,2,87,Balsora_1
378,Balsora,42.20472441,14.48818898,43.30708661,13.32410469,17.97589531,16.22468882,S136,2,87,Balsora_1
379,Balsora,30.63259676,19.77920376,49.58819948,11.63166074,15.26833926,13.46003203,S64,2,88,Balsora_1
380,Balsora,37.48558508,11.00960995,51.50480497,13.54730623,16.45269377,14.56655307,S12,2,88,Balsora_1
381,Balsora,37.01996928,19.96927803,43.01075269,12.17789371,17.92210629,16.12203019,S49,2,88,Balsora_1
382,Balsora,26.94065385,5.648623543,67.4107226,14.16210357,14.73789643,12.44730478,S183,2,88,Balsora_1
383,Balsora,49.47643979,13.7434555,36.78010471,14.82743268,13.97256732,11.51008639,S165,2,88,Balsora_1
384,Balsora,39.64757709,20.26431718,40.08810573,12.38911274,15.61088726,13.41464254,S197,2,89,Balsora_1
385,Balsora,35.05580306,18.74092916,46.20326778,12.64430172,16.95569828,15.24910972,S28,2,89,Balsora_1
386,Balsora,40.82214354,5.881043045,53.29681341,11.35990827,17.14009173,15.05022073,S95,2,89,Balsora_1
387,Balsora,43.58769566,8.149570703,48.26273363,11.49813124,17.90186876,16.18210823,S131,2,89,Balsora_1
388,Balsora,27.92690564,10.47796446,61.5951299,14.77265674,17.32734326,15.49713948,S34,2,90,Balsora_1
389,Balsora,40.82214354,5.881043045,53.29681341,12.31452574,14.68547426,12.43389517,S126,2,90,Balsora_1
390,Balsora,58.89132207,6.571186522,34.53749141,16.70658753,9.79341247,6.137190848,S111,2,90,Balsora_1
391,Balsora,41.10535406,16.58031088,42.31433506,10.91352915,15.78647085,13.75020778,S20,2,90,Balsora_1
392,Balsora,46.97481189,10.83711738,42.18807073,14.57734416,15.22265584,13.09190598,S29,2,91,Balsora_1
393,Balsora,37.55121437,10.05587023,52.3929154,12.39990108,16.60009892,14.56462207,S151,2,91,Balsora_1
394,Balsora,32.42444923,8.491869175,59.0836816,16.55489332,11.74510668,8.862835539,S81,2,91,Balsora_1
395,Balsora,20.80929907,19.70590806,59.48479287,11.47715937,17.62284063,15.8463932,S179,2,91,Balsora_1
396,Balsora,49.15457299,7.217776572,43.62765044,12.62097702,16.27902298,14.15697665,S133,2,91,Balsora_1
397,Balsora,42.44505495,15.38461538,42.17032967,15.90025327,16.29974673,14.87918297,S118,2,92,Balsora_1
398,Balsora,55.83797411,7.096628537,37.06539735,29.85622101,7.243778994,3.255402166,S3,2,92,Balsora_1
399,Balsora,47.97490965,5.217463548,46.8076268,12.5615785,17.2384215,15.38023723,S207,2,92,Balsora_1
400,Balsora,38.61055607,13.62883181,47.76061212,12.80261202,14.89738798,12.61459755,S73,2,92,Balsora_1
401,Balsora,35.15127959,6.912423542,57.93629687,15.09214622,17.40785378,16.07821331,S8,2,93,Balsora_1
402,Balsora,36.07030228,12.77594031,51.1537574,14.39212999,16.30787001,14.58483141,S116,2,93,Balsora_1
403,Balsora,30.20959812,12.07428492,57.71611696,14.39634622,14.70365378,12.45377275,S209,2,93,Balsora_1
404,Balsora,44.8846859,8.949146,46.1661681,14.32472069,17.47527931,16.07260967,S55,2,93,Balsora_1
405,Balsora,43.96788887,6.341045416,49.69106571,12.0306499,16.5693501,14.72506598,S64,2,94,Balsora_1
406,Balsora,35.19123929,8.211155458,56.59760525,12.83979747,16.96020253,15.27937001,S53,2,94,Balsora_1
407,Balsora,47.96789774,6.596756717,45.43534554,15.62359092,11.97640908,8.938019553,S103,2,94,Balsora_1
408,Balsora,35.33988619,8.006207967,56.65390585,12.79335734,15.50664266,13.53806922,S198,2,94,Balsora_1
409,Balsora,39.98227316,8.71294884,51.304778,11.66768696,16.43231304,14.51722974,S162,2,94,Balsora_1
410,Balsora,50.66252728,9.102157432,40.23531529,12.65205339,15.54794661,13.28265366,S17,2,95,Balsora_1
411,Balsora,34.9062702,9.688350865,55.40537893,14.59682391,17.60317609,16.34167617,S191,2,95,Balsora_1
412,Balsora,43.83561644,15.06849315,41.09589041,13.35002251,14.54997749,12.28593318,S107,2,95,Balsora_1
413,Balsora,36.77090919,17.48724576,45.74184505,18.12822726,14.37177274,11.85804566,S80,2,95,Balsora_1
414,Balsora,45.50898204,12.5748503,41.91616766,15.91712461,16.38287539,14.68325954,S177,2,96,Balsora_1
415,Balsora,27.32384543,11.11740732,61.55874725,13.88664629,16.21335371,14.31956791,S173,2,96,Balsora_1
416,Balsora,32.98647027,12.81186644,54.20166329,13.65410161,17.84589839,16.51301654,S50,2,96,Balsora_1
417,Balsora,29.15919261,8.13995204,62.70085535,12.51994463,16.78005537,15.14422948,S211,2,96,Balsora_1
418,Balsora,42.34930448,18.08346213,39.56723338,13.00808878,14.59191122,12.44181394,S177,2,97,Balsora_1
419,Balsora,42.87774973,7.029841327,50.09240894,12.60399085,15.59600915,13.74631094,S24,2,97,Balsora_1
420,Balsora,47.08155762,5.527701178,47.3907412,10.41552384,7.484476161,3.203551917,S138,2,97,Balsora_1
421,Balsora,52.76560167,12.50403105,34.73036727,22.70356851,11.79643149,9.192554705,S139,2,97,Balsora_1
422,Balsora,49.66035685,12.69812517,37.64151798,14.96019165,11.23980835,8.509283594,S6,2,97,Balsora_1
423,Balsora,45.11400992,8.153437049,46.73255303,12.60873494,14.79126506,12.40171773,S143,2,98,Balsora_1
424,Balsora,41.63564397,4.114124277,54.25023175,19.92854646,13.57145354,11.42705972,S42,2,98,Balsora_1
425,Balsora,25.70158759,12.1234336,62.17497881,11.60087099,16.49912901,14.62295263,S18,2,98,Balsora_1
426,Balsora,33.36531011,11.21462569,55.4200642,14.26780471,14.33219529,12.09358513,S119,2,98,Balsora_1
427,Balsora,54.3998689,12.38486735,33.21526375,14.88926654,14.51073346,12.20597916,S153,2,99,Balsora_1
428,Balsora,,,,13.2004286,16.5995714,14.89884435,S158,2,99,Balsora_1
429,Balsora,35.53371141,9.033396345,55.43289225,11.43962107,14.36037893,12.12160955,S188,2,99,Balsora_1
430,Balsora,52.95740635,5.603741781,41.43885187,16.82283544,15.67716456,13.71190233,S91,2,99,Balsora_1
431,Balsora,42.54330642,8.295492768,49.16120081,12.77248308,16.62751692,15.13874416,S64,2,100,Balsora_1
432,Balsora,23.02202082,5.008850811,71.96912837,12.70305904,16.49694096,14.60773079,S85,2,100,Balsora_1
433,Balsora,50.68908425,6.065340578,43.24557517,11.3528856,15.7471144,13.54741083,S37,2,100,Balsora_1
434,Balsora,40.88537283,11.61726676,47.49736041,16.4966168,14.2033832,11.72632698,S147,2,100,Balsora_1
435,Balsora,40.81994301,8.84599727,50.33405972,12.1225732,16.5774268,14.95406088,S182,2,100,Balsora_1
436,Balsora,,,,,,,S31,2,101,Balsora_1
437,Balsora,51.44915361,7.197462931,41.35338346,16.04879384,16.45120616,14.71349158,S92,2,101,Balsora_1
438,Balsora,49.24880428,7.009284442,43.74191128,16.18470846,15.91529154,13.776173,S97,2,101,Balsora_1
439,Balsora,34.72409711,10.89489315,54.38100974,12.91067088,17.28932912,15.92439504,S150,2,101,Balsora_1
440,Balsora,35.14238163,12.22591165,52.63170672,7.304033538,16.89596646,15.09402938,S14,2,102,Balsora_1
441,Balsora,28.2208589,22.39263804,49.38650307,13.23968523,15.76031477,14.1278485,S72,2,102,Balsora_1
442,Balsora,49.25620283,5.138715457,45.60508171,10.47420169,14.92579831,12.64101699,S164,2,102,Balsora_1
443,Balsora,30.01845088,11.5788681,58.40268103,13.53317605,16.96682395,15.50593714,S58,2,102,Balsora_1
444,Balsora,49.08498425,4.732616859,46.1823989,13.93948416,16.46051584,14.80464826,S177,2,103,Balsora_1
445,Balsora,42.55983131,9.271481286,48.1686874,11.45702863,17.44297137,15.60406803,S67,2,103,Balsora_1
446,Balsora,49.48916813,8.190089116,42.32074276,16.46517077,17.83482923,16.05713444,S137,2,103,Balsora_1
447,Balsora,34.82202533,16.95258008,48.22539459,16.96341212,14.33658788,12.41495373,S101,2,103,Balsora_1
448,Balsora,43.14789688,16.96065129,39.89145183,13.98285072,15.01714928,12.95974612,S90,2,103,Balsora_1
449,Balsora,45.39422602,7.974518247,46.63125574,13.74137136,15.25862864,13.42880291,S128,2,104,Balsora_1
450,Balsora,47.22285667,5.421399057,47.35574427,13.48155848,15.01844152,12.90562652,S203,2,104,Balsora_1
451,Balsora,38.01526718,21.98473282,40,17.40055159,10.99944841,7.777487709,S161,2,104,Balsora_1
452,Balsora,39.13052062,8.185425757,52.68405362,13.9224161,15.2775839,13.55082231,S112,2,104,Balsora_1
453,Balsora,49.59887788,8.8879766,41.51314552,18.27758024,15.52241976,13.65496182,S79,2,105,Balsora_1
454,Balsora,51.6888434,14.32958035,33.98157625,21.06481389,9.235186111,6.206806781,S156,2,105,Balsora_1
455,Balsora,40.64236111,10.30598958,49.05164931,13.46177583,13.13822417,10.8911934,S159,2,105,Balsora_1
456,Balsora,38.2461089,10.77670881,50.97718229,13.5633546,16.1366454,14.16005587,S77,2,105,Balsora_1
457,Balsora,45.66787004,17.68953069,36.64259928,12.25229145,16.24770855,14.66398619,S64,2,106,Balsora_1
458,Balsora,31.39366661,19.93047742,48.67585597,14.14449348,18.15550652,16.55621919,S175,2,106,Balsora_1
459,Balsora,42.77372263,14.01459854,43.21167883,15.08631979,15.41368021,13.58060794,S22,2,106,Balsora_1
460,Balsora,34.14239482,17.30976682,48.54783835,13.95027466,16.54972534,14.74145457,S172,2,106,Balsora_1
461,Balsora,30.88475819,11.08339598,58.03184583,13.19635332,16.30364668,14.53997734,S141,2,106,Balsora_1
462,Balsora,32.76118463,10.29363579,56.94517958,11.1247041,17.7752959,16.15496643,S189,2,107,Balsora_1
463,Balsora,39.7994105,4.336214912,55.86437459,13.28078828,16.01921172,14.41402199,S52,2,107,Balsora_1
464,Balsora,35.7464907,16.20758264,48.04592666,16.30449756,14.19550244,12.0758554,S148,2,107,Balsora_1
465,Balsora,44.04808332,10.36452479,45.58739189,12.84980308,15.55019692,13.6967621,S75,2,107,Balsora_1
466,Balsora,41.01934419,14.82316472,44.15749109,14.94406384,16.15593616,14.46049323,S115,2,108,Balsora_1
467,Balsora,41.70692432,14.81481481,43.47826087,11.68896218,16.71103782,14.80484415,S70,2,108,Balsora_1
468,Balsora,35.14697427,10.65688968,54.19613605,11.18062174,17.51937826,16.11842259,S65,2,108,Balsora_1
469,Balsora,46.30247733,10.24527,43.45225267,15.18059872,15.31940128,13.36981055,S40,2,108,Balsora_1
470,Balsora,50.27468348,7.25194821,42.47336831,13.51105879,16.68894121,14.94690813,S29,2,109,Balsora_1
471,Balsora,47.14572245,5.702844879,47.15143267,13.21993748,16.88006252,15.04755804,S178,2,109,Balsora_1
472,Balsora,34.29891887,11.38689445,54.31418668,14.19941414,15.90058586,14.09901908,S54,2,109,Balsora_1
473,Balsora,49.54799074,11.77890732,38.67310194,13.4507078,15.1492922,13.14972955,S219,2,109,Balsora_1
474,Balsora,46.07114625,7.869000565,46.05985319,11.72806924,16.07193076,14.09856571,S32,2,109,Balsora_1
475,Balsora,48.12936959,9.146184469,42.72444594,13.791653,15.008347,13.16147857,S109,2,110,Balsora_1
476,Balsora,41.85303514,15.65495208,42.49201278,13.68573949,16.01426051,14.16998198,S220,2,110,Balsora_1
477,Balsora,27.95872463,10.0621418,61.97913357,16.1969975,15.1030025,13.12731179,S47,2,110,Balsora_1
478,Balsora,38.29886719,10.29946229,51.40167053,10.78866769,12.71133231,9.687717136,S122,2,110,Balsora_1
1,Balsora,50.09633911,9.826589595,40.07707129,14.48029639,15.51970361,13.62744735,S29,1,1,Balsora_2
2,Balsora,48.43205575,10.97560976,40.59233449,15.49128389,14.70871611,12.1445956,S165,1,1,Balsora_2
3,Balsora,36.0147446,10.49815692,53.48709847,11.60920518,15.39079482,12.815647,S167,1,1,Balsora_2
4,Balsora,53.36011813,6.462690155,40.17719172,18.48652474,10.61347526,7.466467089,S123,1,1,Balsora_2
5,Balsora,34.40599794,13.6912158,51.90278626,14.37137913,14.52862087,11.85939348,S203,1,1,Balsora_2
6,Balsora,22.87724707,18.6926577,58.43009523,11.15525941,15.94474059,13.559549,S49,1,2,Balsora_2
7,Balsora,30.75170843,17.76765376,51.48063781,12.27650408,15.22349592,13.07605041,S46,1,2,Balsora_2
8,Balsora,46.03174603,12.1031746,41.86507937,10.77871048,14.92128952,12.28460005,S44,1,2,Balsora_2
9,Balsora,38.05571215,8.487063352,53.4572245,13.78670068,15.81329932,13.89744822,S28,1,2,Balsora_2
10,Balsora,43.97266379,5.663348685,50.36398752,12.82336132,15.67663868,13.65766644,S4,1,3,Balsora_2
11,Balsora,34.66386555,10.08403361,55.25210084,12.40071006,16.49928994,14.65740996,S172,1,3,Balsora_2
12,Balsora,46.4626598,14.06837508,39.46896512,12.71203629,12.48796371,9.704574587,S42,1,3,Balsora_2
13,Balsora,50.18867925,8.867924528,40.94339623,14.67361224,16.12638776,13.81874952,S93,1,3,Balsora_2
14,Balsora,37.74703557,7.114624506,55.13833992,13.58892913,18.01107087,16.6248975,S62,1,4,Balsora_2
15,Balsora,28.77697842,23.02158273,48.20143885,11.40559138,16.99440862,15.06615733,S142,1,4,Balsora_2
16,Balsora,49.17407878,9.275730623,41.5501906,32.37861889,7.821381106,4.210840272,S2,1,4,Balsora_2
17,Balsora,38.67469383,6.894561049,54.43074512,13.16800248,16.43199752,14.18527063,S13,1,4,Balsora_2
18,Balsora,47.68623582,11.20210492,41.11165927,14.02273761,16.67726239,15.03307864,S99,1,4,Balsora_2
19,Balsora,38.2739212,14.63414634,47.09193246,13.51537059,17.38462941,15.9306871,S85,1,5,Balsora_2
20,Balsora,33.33333333,17.09401709,49.57264957,14.62800577,17.17199423,15.22496396,S39,1,5,Balsora_2
21,Balsora,,,,16.89679125,15.40320875,13.14748886,S159,1,5,Balsora_2
22,Balsora,,,,12.32460639,16.17539361,14.22319509,S145,1,5,Balsora_2
23,Balsora,40.93959732,9.172259508,49.88814318,11.84962148,15.75037852,13.36507211,S50,1,6,Balsora_2
24,Balsora,35.21505376,17.47311828,47.31182796,10.70640105,16.79359895,15.10879673,S48,1,6,Balsora_2
25,Balsora,50.87218102,8.8428939,40.28492508,12.3023805,17.1976195,15.55325995,S170,1,6,Balsora_2
26,Balsora,45.59313781,5.712252313,48.69460988,12.92372019,16.77627981,14.57394572,S202,1,6,Balsora_2
27,Balsora,40.6,17,42.4,12.6109413,16.8890587,15.08319645,S177,1,7,Balsora_2
28,Balsora,38.88888889,8.333333333,52.77777778,12.04740724,16.65259276,14.76749334,S88,1,7,Balsora_2
29,Balsora,47.35729387,10.57082452,42.07188161,10.86091529,13.53908471,10.50536481,S47,1,7,Balsora_2
30,Balsora,46.47519582,16.71018277,36.81462141,12.62739315,16.17260685,13.86191951,S141,1,7,Balsora_2
31,Balsora,31.89095062,12.2474582,55.86159118,13.45597717,17.34402283,15.74893281,S80,1,7,Balsora_2
32,Balsora,34.88372093,15.11627907,50,12.05466233,13.74533767,10.78514251,S24,1,8,Balsora_2
33,Balsora,38.95406088,13.75818812,47.287751,14.30813912,18.09186088,16.63721169,S168,1,8,Balsora_2
34,Balsora,47.88467636,4.780993794,47.33432985,13.27825897,11.72174103,8.282384836,S187,1,8,Balsora_2
35,Balsora,52.18698066,13.16077932,34.65224002,23.4750164,12.2249836,9.718093348,S156,1,8,Balsora_2
36,Balsora,41.2565915,17.00661954,41.73678896,11.2944819,14.5055181,11.77373854,S22,1,9,Balsora_2
37,Balsora,47.99070433,10.17876296,41.83053271,13.27061896,15.42938104,13.38917262,S104,1,9,Balsora_2
38,Balsora,39.34142114,9.358752166,51.29982669,16.14918861,16.05081139,13.96434286,S61,1,9,Balsora_2
39,Balsora,42.99610895,8.171206226,48.83268482,12.84337457,16.75662543,14.72047735,S87,1,9,Balsora_2
40,Balsora,54.58015267,18.89312977,26.52671756,12.62279709,17.57720291,15.96116817,S177,1,10,Balsora_2
41,Balsora,29.05405405,24.0990991,46.84684685,12.29193028,16.60806972,14.72685774,S15,1,10,Balsora_2
42,Balsora,44.73161034,1.789264414,53.47912525,12.09864319,12.40135681,9.072487417,S125,1,10,Balsora_2
43,Balsora,36.97911608,17.11753278,45.90335114,12.39518447,18.60481553,16.90384247,S36,1,10,Balsora_2
44,Balsora,42.53499729,5.174172545,52.29083017,13.45226688,17.34773312,15.65824199,S12,1,10,Balsora_2
45,Balsora,36.11859838,13.20754717,50.67385445,11.38595671,17.01404329,15.3624161,S73,1,11,Balsora_2
46,Balsora,38.37471783,12.41534989,49.20993228,14.82024756,16.07975244,14.36631724,S180,1,11,Balsora_2
47,Balsora,54.86280862,10.58165219,34.55553919,28.31417839,7.185821614,3.820309052,S106,1,11,Balsora_2
48,Balsora,47.02495202,12.66794626,40.30710173,12.70981404,16.39018596,14.24351016,S201,1,11,Balsora_2
49,Balsora,38.73873874,16.21621622,45.04504505,12.10651821,16.99348179,14.84450801,S214,1,12,Balsora_2
50,Balsora,36.06557377,12.5,51.43442623,13.19165069,17.40834931,15.90188603,S60,1,12,Balsora_2
51,Balsora,47.23006572,8.790824358,43.97910992,12.19115692,11.20884308,7.619903791,S162,1,12,Balsora_2
52,Balsora,30.66037736,13.67924528,55.66037736,10.32735568,14.27264432,11.93632896,S216,1,12,Balsora_2
53,Balsora,36.09081145,11.67996967,52.22921888,13.61305008,15.98694992,13.6783824,S64,1,13,Balsora_2
54,Balsora,39.5371494,5.368588374,55.09426223,19.47819311,11.02180689,7.642372224,S108,1,13,Balsora_2
55,Balsora,42.53499729,5.174172545,52.29083017,13.18841891,16.21158109,14.54436461,S107,1,13,Balsora_2
56,Balsora,35.65891473,20.46511628,43.87596899,15.99101735,12.90898265,9.931007582,S83,1,13,Balsora_2
57,Balsora,37.93103448,8.836206897,53.23275862,13.68325658,16.41674342,14.22212834,S67,1,13,Balsora_2
58,Balsora,36.66666667,10,53.33333333,11.32068901,14.07931099,11.64540679,S211,1,14,Balsora_2
59,Balsora,45.16460026,12.93073963,41.90466011,12.2094621,17.2905379,15.76859165,S197,1,14,Balsora_2
60,Balsora,51.64670659,10.17964072,38.17365269,16.06262893,7.937371074,4.23028948,S160,1,14,Balsora_2
61,Balsora,,,,14.76525915,13.23474085,10.24555708,S128,1,14,Balsora_2
62,Balsora,46.98530212,2.109961894,50.90473598,15.11666548,16.48333452,14.486687,S68,1,15,Balsora_2
63,Balsora,27.38386308,23.22738386,49.38875306,13.85528435,15.64471565,13.19972561,S20,1,15,Balsora_2
64,Balsora,30.83956937,10.74031379,58.42011684,15.1513876,13.9486124,11.65067273,S119,1,15,Balsora_2
65,Balsora,40.54054054,17.83783784,41.62162162,15.25233781,13.74766219,11.4530637,S9,1,15,Balsora_2
66,Balsora,40.95123288,9.856438356,49.19232877,18.35348666,15.24651334,13.52928867,S29,1,16,Balsora_2
67,Balsora,,,,13.13656249,14.76343751,12.10582094,S183,1,16,Balsora_2
68,Balsora,41.46868251,6.26349892,52.26781857,12.3214161,13.7785839,10.92316589,S75,1,16,Balsora_2
69,Balsora,27.01525054,13.07189542,59.91285403,13.24247447,14.25752553,11.541677,S56,1,16,Balsora_2
70,Balsora,44.98489426,9.697885196,45.31722054,12.99704139,16.70295861,14.64909515,S53,1,16,Balsora_2
71,Balsora,46,13.45454545,40.54545455,16.88691148,15.71308852,13.85477073,S92,1,17,Balsora_2
72,Balsora,44.40227704,6.072106262,49.5256167,13.50052005,15.29947995,13.28954447,S82,1,17,Balsora_2
73,Balsora,61.75298805,8.499335989,29.74767596,17.2670977,9.632902299,6.352141018,S110,1,17,Balsora_2
74,Balsora,44.2775622,4.820817165,50.90162063,12.20123529,12.69876471,9.586047207,S59,1,17,Balsora_2
75,Balsora,43.54716823,12.16046014,44.29237164,15.38752886,14.51247114,12.28521085,S221,1,18,Balsora_2
76,Balsora,42.12146845,9.494163424,48.38436813,14.93825192,9.261748084,5.316744254,S117,1,18,Balsora_2
77,Balsora,42.94218114,8.858692922,48.19912594,11.92210865,17.17789135,15.05307663,S43,1,18,Balsora_2
78,Balsora,40.62545606,19.55384134,39.8207026,13.90511517,16.09488483,14.34280388,S14,1,18,Balsora_2
79,Balsora,49.00870567,5.358527346,45.63276698,14.79670965,13.50329035,11.1091347,S29,1,19,Balsora_2
80,Balsora,42.58552124,8.743050472,48.67142829,25.6422625,14.4577375,12.72213424,S158,1,19,Balsora_2
81,Balsora,47.38600668,12.39871151,40.21528181,12.75166511,15.44833489,13.50537333,S171,1,19,Balsora_2
82,Balsora,44.66546112,4.159132007,51.17540687,16.15547861,14.64452139,12.07932092,S90,1,19,Balsora_2
83,Balsora,36.5530303,17.04545455,46.40151515,16.09504255,15.80495745,14.0558797,S175,1,19,Balsora_2
84,Balsora,41.72203124,8.761555314,49.51641344,15.91766243,14.58233757,12.48286122,S120,1,20,Balsora_2
85,Balsora,36.86588746,20.96035667,42.17375587,13.43992153,14.46007847,11.77852772,S57,1,20,Balsora_2
86,Balsora,39.02953586,3.797468354,57.17299578,18.35386297,13.94613703,11.8062469,S185,1,20,Balsora_2
87,Balsora,47.8940974,3.676892444,48.42901016,15.29034022,16.60965978,14.40027316,S109,1,20,Balsora_2
88,Balsora,25.08525475,22.74393037,52.17081488,11.67831826,15.72168174,13.20080167,S192,1,21,Balsora_2
89,Balsora,36.24347017,11.30638919,52.45014064,16.53661777,14.96338223,12.92241409,S194,1,21,Balsora_2
90,Balsora,47.30232156,12.27573386,40.42194458,12.73429317,14.86570683,12.79127234,S95,1,21,Balsora_2
91,Balsora,30.68893528,20.66805846,48.64300626,12.88537802,17.11462198,15.638363,S69,1,21,Balsora_2
92,Balsora,42.59582944,10.8613471,46.54282346,14.39343411,14.40656589,12.24694794,S64,1,22,Balsora_2
93,Balsora,27.51196172,15.07177033,57.41626794,11.42442565,16.07557435,14.16518881,S154,1,22,Balsora_2
94,Balsora,40.11916584,17.775571,42.10526316,30.52520361,6.874796395,2.856255146,S3,1,22,Balsora_2
95,Balsora,46.2962963,2.962962963,50.74074074,13.86249035,16.13750965,13.8613958,S177,1,22,Balsora_2
96,Balsora,35.04928315,14.3234767,50.62724014,17.59073041,15.70926959,13.49382984,S150,1,22,Balsora_2
97,Balsora,37.35849057,15.09433962,47.54716981,14.54254995,14.35745005,12.16928177,S32,1,23,Balsora_2
98,Balsora,,,,11.65561479,16.94438521,15.46400258,S65,1,23,Balsora_2
99,Balsora,53.90260448,4.984891155,41.11250437,28.0300148,6.269985205,2.250326216,S132,1,23,Balsora_2
100,Balsora,,,,14.32839689,16.07160311,14.2595782,S207,1,23,Balsora_2
101,Balsora,38.33992095,17.58893281,44.07114625,15.69195972,15.30804028,13.1082423,S121,1,24,Balsora_2
102,Balsora,,,,12.17720356,14.12279644,10.89672758,S164,1,24,Balsora_2
103,Balsora,,,,,,,S205,1,24,Balsora_2
104,Balsora,43.03178484,10.26894866,46.6992665,19.82826995,15.17173005,13.41447116,S200,1,24,Balsora_2
105,Balsora,45.47283702,14.28571429,40.24144869,16.37938849,15.32061151,13.5623997,S29,1,25,Balsora_2
106,Balsora,,,,12.96293956,16.43706044,14.64629649,S177,1,25,Balsora_2
107,Balsora,47.02093398,7.246376812,45.73268921,17.28981847,9.810181526,6.792444763,S105,1,25,Balsora_2
108,Balsora,50.69778018,1.836114032,47.46610579,14.32770418,17.57229582,16.18653619,S137,1,25,Balsora_2
109,Balsora,,,,11.82764104,13.97235896,11.65872348,S149,1,25,Balsora_2
110,Balsora,43.68932039,17.89181692,38.41886269,20.25733821,9.642661793,6.444626003,S138,1,26,Balsora_2
111,Balsora,31.4159292,15.92920354,52.65486726,13.1897751,17.2102249,15.1754122,S58,1,26,Balsora_2
112,Balsora,29.59908837,22.74733244,47.6535792,13.99185011,16.30814989,14.22564211,S179,1,26,Balsora_2
113,Balsora,47.54716981,12.0754717,40.37735849,14.98055018,17.01944982,15.58345115,S77,1,26,Balsora_2
114,Balsora,48.08510638,8.936170213,42.9787234,11.21363058,13.48636942,11.03159842,S209,1,27,Balsora_2
115,Balsora,44.57429048,6.343906511,49.08180301,16.44659861,13.65340139,11.34897308,S127,1,27,Balsora_2
116,Balsora,47.16575928,2.535651715,50.298589,16.41863152,14.88136848,12.44615135,S217,1,27,Balsora_2
117,Balsora,39.01370798,10.55305917,50.43323285,15.80864912,16.39135088,14.44371699,S143,1,27,Balsora_2
118,Balsora,42.40740741,7.962962963,49.62962963,14.49943289,14.00056711,11.80299244,S153,1,28,Balsora_2
119,Balsora,36.52849741,13.47150259,50,11.98491957,16.01508043,13.67738672,S64,1,28,Balsora_2
120,Balsora,,,,12.35203345,14.94796655,12.33617906,S11,1,28,Balsora_2
121,Balsora,30.01383126,27.18755709,42.79861165,13.06663208,13.73336792,11.10028851,S102,1,28,Balsora_2
122,Balsora,47.68518519,9.259259259,43.05555556,12.55395279,16.44604721,14.15449418,S218,1,28,Balsora_2
123,Balsora,53.18563125,5.862463168,40.95190558,12.85985295,14.54014705,12.4164878,S17,1,29,Balsora_2
124,Balsora,,,,16.91700226,15.08299774,12.53404657,S219,1,29,Balsora_2
125,Balsora,41.69611307,13.78091873,44.5229682,14.38261101,17.11738899,15.1671696,S66,1,29,Balsora_2
126,Balsora,36.86200378,14.74480151,48.39319471,16.30952553,16.69047447,14.65221343,S38,1,29,Balsora_2
127,Balsora,36.24338624,21.42857143,42.32804233,8.815241323,12.38475868,9.052875297,S126,1,30,Balsora_2
128,Balsora,45.59995749,4.979275162,49.42076735,15.81214714,13.98785286,11.83517386,S64,1,30,Balsora_2
129,Balsora,50.4072615,6.24467632,43.34806218,9.761385282,17.23861472,15.49896529,S152,1,30,Balsora_2
130,Balsora,48.8410596,11.25827815,39.90066225,15.70448408,16.09551592,13.92257218,S135,1,30,Balsora_2
131,Balsora,43.41463415,17.23577236,39.3495935,19.29823022,8.601769782,5.226253099,S161,1,31,Balsora_2
132,Balsora,45.49097801,13.84096024,40.66806175,13.0139264,15.6860736,13.38226338,S177,1,31,Balsora_2
133,Balsora,45.14991182,15.1675485,39.68253968,17.67562545,16.62437455,14.7108834,S186,1,31,Balsora_2
134,Balsora,34.64724523,17.41257575,47.94017902,15.82060951,15.57939049,13.43986091,S41,1,31,Balsora_2
135,Balsora,40.17710969,10.23713846,49.58575185,12.64844321,11.95155679,8.721802797,S155,1,31,Balsora_2
136,Balsora,41.70053756,3.887504917,54.41195752,10.7040275,15.1959725,13.05676761,S212,1,32,Balsora_2
137,Balsora,39.6,8.8,51.6,14.52510825,16.07489175,13.7779042,S133,1,32,Balsora_2
138,Balsora,42.82700422,3.797468354,53.37552743,13.69240648,13.80759352,11.57416493,S78,1,32,Balsora_2
139,Balsora,37.95454545,12.72727273,49.31818182,11.73247996,16.56752004,14.86392547,S169,1,32,Balsora_2
140,Balsora,,,,12.54717218,13.05282782,10.08651482,S70,1,33,Balsora_2
141,Balsora,51.76900764,4.312211464,43.9187809,14.71354871,13.68645129,10.90424666,S96,1,33,Balsora_2
142,Balsora,,,,18.38354316,12.11645684,9.55620438,S147,1,33,Balsora_2
143,Balsora,34.49349743,16.92411181,48.58239075,10.15223533,15.54776467,13.1684186,S25,1,33,Balsora_2
144,Balsora,44.29824561,10.96491228,44.73684211,14.85441144,14.64558856,12.19944283,S55,1,34,Balsora_2
145,Balsora,45.7337884,6.655290102,47.6109215,16.66712324,16.33287676,14.68296985,S29,1,34,Balsora_2
146,Balsora,43.40909091,7.954545455,48.63636364,12.29957295,17.50042705,15.99653103,S181,1,34,Balsora_2
147,Balsora,30.42635659,20.54263566,49.03100775,15.02179694,16.07820306,14.06177153,S54,1,34,Balsora_2
148,Balsora,42.88256228,5.871886121,51.2455516,15.2332374,14.6667626,12.56760624,S26,1,34,Balsora_2
149,Balsora,31.46622735,13.6738056,54.85996705,16.89460948,15.50539052,13.55701638,S45,1,35,Balsora_2
150,Balsora,45.54455446,9.240924092,45.21452145,15.15078219,14.34921781,12.1540081,S122,1,35,Balsora_2
151,Balsora,37.55364807,8.798283262,53.64806867,10.62868444,17.27131556,15.55780661,S64,1,35,Balsora_2
152,Balsora,51.14131124,10.41340829,38.44528047,12.96838337,15.73161663,13.70416302,S116,1,35,Balsora_2
153,Balsora,,,,18.09560978,12.60439022,10.23016814,S6,1,36,Balsora_2
154,Balsora,40.42179262,15.8172232,43.76098418,15.19477987,14.40522013,12.11731345,S7,1,36,Balsora_2
155,Balsora,52.78461313,4.784453519,42.43093335,21.91704284,10.98295716,8.182526138,S166,1,36,Balsora_2
156,Balsora,36.53440933,12.13180901,51.33378166,13.86260227,15.43739773,13.55049052,S98,1,36,Balsora_2
157,Balsora,,,,14.41712743,15.48287257,13.61124143,S193,1,37,Balsora_2
158,Balsora,44.99500825,13.64479126,41.36020048,12.37048759,17.12951241,15.38385202,S177,1,37,Balsora_2
159,Balsora,,,,15.35948742,14.74051258,12.64825221,S89,1,37,Balsora_2
160,Balsora,57.43583339,11.33953663,31.22462999,22.09424762,12.70575238,10.31410702,S139,1,37,Balsora_2
161,Balsora,38.26866917,16.88360451,44.84772632,15.08022887,16.41977113,14.65750668,S191,1,37,Balsora_2
162,Balsora,39.62836411,7.198525742,53.17311015,13.55410478,17.14589522,15.46850347,S94,1,38,Balsora_2
163,Balsora,40.50238613,8.18074719,51.31686668,12.16482146,16.73517854,14.81527667,S182,1,38,Balsora_2
164,Balsora,,,,12.16181352,16.13818648,14.39809615,S72,1,38,Balsora_2
165,Balsora,49.14611006,13.47248577,37.38140417,15.91624502,14.18375498,11.60127182,S103,1,38,Balsora_2
166,Balsora,48.80952381,9.523809524,41.66666667,15.16097845,15.23902155,13.29771609,S115,1,39,Balsora_2
167,Balsora,45.26515152,14.20454545,40.53030303,13.06056837,14.23943163,11.8602685,S114,1,39,Balsora_2
168,Balsora,34.45692884,17.22846442,48.31460674,15.26549622,16.63450378,14.99674432,S173,1,39,Balsora_2
169,Balsora,35.37549407,15.2173913,49.40711462,13.52917182,16.87082818,15.12995177,S113,1,39,Balsora_2
170,Balsora,36.32829898,4.757662874,58.91403814,12.94754416,14.55245584,12.32236803,S144,1,40,Balsora_2
171,Balsora,57.76614311,7.329842932,34.90401396,17.01213023,15.58786977,13.73349328,S29,1,40,Balsora_2
172,Balsora,37.52122241,15.28013582,47.19864177,16.03987866,16.26012134,14.50877671,S8,1,40,Balsora_2
173,Balsora,35.01653391,10.91030094,54.07316515,12.76968926,15.53031074,13.64836768,S71,1,40,Balsora_2
174,Balsora,40.88815716,15.05995951,44.05188333,12.72411053,17.77588947,16.17787123,S134,1,40,Balsora_2
175,Balsora,,,,12.82337844,16.77662156,15.1829248,S130,1,41,Balsora_2
176,Balsora,28.94639556,17.90434381,53.14926063,6.815396546,17.28460345,15.5351702,S74,1,41,Balsora_2
177,Balsora,36.3449692,13.96303901,49.69199179,14.27633447,16.42366553,14.71857842,S163,1,41,Balsora_2
178,Balsora,39.49771689,10.2739726,50.2283105,12.83653607,16.36346393,14.46005259,S27,1,41,Balsora_2
179,Balsora,36.400818,3.27198364,60.32719836,14.13701036,16.76298964,15.0803354,S16,1,42,Balsora_2
180,Balsora,44.61551419,7.881748505,47.5027373,14.20799758,14.49200242,12.3223819,S52,1,42,Balsora_2
181,Balsora,36.52849741,11.91709845,51.55440415,16.00559366,15.79440634,13.42681803,S40,1,42,Balsora_2
182,Balsora,37.4732334,12.20556745,50.32119914,13.3190997,17.3809003,15.40425083,S136,1,42,Balsora_2
183,Balsora,41.00279319,16.31260081,42.684606,13.91471362,16.88528638,15.32478031,S64,1,43,Balsora_2
184,Balsora,44.6969697,9.595959596,45.70707071,10.68217726,15.81782274,13.24448217,S190,1,43,Balsora_2
185,Balsora,36.22047244,10.82677165,52.95275591,11.7930925,15.2069075,13.20541029,S33,1,43,Balsora_2
186,Balsora,44.31818182,10,45.68181818,10.45124935,14.84875065,12.5103138,S35,1,43,Balsora_2
187,Balsora,31.49779736,11.89427313,56.60792952,11.61598321,16.28401679,14.50321387,S18,1,43,Balsora_2
188,Balsora,33.41708543,10.05025126,56.53266332,10.10795002,15.59204998,12.94065973,S76,1,44,Balsora_2
189,Balsora,,,,11.57330717,16.12669283,14.22651456,S112,1,44,Balsora_2
190,Balsora,43.84057971,5.97826087,50.18115942,15.27329354,13.82670646,11.42385476,S196,1,44,Balsora_2
191,Balsora,39.48600179,10.02577003,50.48822818,14.51035748,14.38964252,12.24685903,S84,1,44,Balsora_2
192,Balsora,48.98373984,9.146341463,41.8699187,14.27261403,14.52738597,11.9202994,S199,1,45,Balsora_2
193,Balsora,35.56701031,18.04123711,46.39175258,16.18877849,15.91122151,13.61149221,S79,1,45,Balsora_2
194,Balsora,41.95583596,20.34700315,37.69716088,17.04186925,13.45813075,11.13629786,S210,1,45,Balsora_2
195,Balsora,38.17895745,7.550052447,54.2709901,7.364648961,16.33535104,13.92798262,S174,1,45,Balsora_2
196,Balsora,,,,12.86855692,15.33144308,12.75156347,S29,1,46,Balsora_2
197,Balsora,41.94630872,10.90604027,47.14765101,13.65829707,16.74170293,14.53787249,S157,1,46,Balsora_2
198,Balsora,42.43421053,9.868421053,47.69736842,8.551010598,11.1489894,7.805070506,S208,1,46,Balsora_2
199,Balsora,34.67510174,5.147838833,60.17705942,14.2284061,17.2715939,15.76851972,S118,1,46,Balsora_2
200,Balsora,57.40799432,4.81357995,37.77842573,20.82656954,8.873430463,5.51169098,S111,1,46,Balsora_2
201,Balsora,48.08267883,6.028162224,45.88915895,13.79784227,16.30215773,14.61947552,S198,1,47,Balsora_2
202,Balsora,35.94470046,25.34562212,38.70967742,17.15367508,15.14632492,12.76229621,S129,1,47,Balsora_2
203,Balsora,32.63157895,17.26315789,50.10526316,12.84492732,17.45507268,15.3788228,S151,1,47,Balsora_2
204,Balsora,45.91411841,9.025699414,45.06018217,17.5158992,11.2841008,8.291297188,S184,1,47,Balsora_2
205,Balsora,57.55919854,11.02003643,31.42076503,32.16708079,5.432919212,1.923593173,S1,1,48,Balsora_2
206,Balsora,34.34895833,12.04210069,53.60894097,11.69350388,15.80649612,13.77795159,S189,1,48,Balsora_2
207,Balsora,33.68869936,12.57995736,53.73134328,13.31496963,15.38503037,13.36204103,S176,1,48,Balsora_2
208,Balsora,,,,22.68824429,12.21175571,9.815933837,S140,1,48,Balsora_2
209,Balsora,39.52095808,10.17964072,50.2994012,15.35194936,16.74805064,15.04959515,S64,1,49,Balsora_2
210,Balsora,34.02489627,14.10788382,51.86721992,13.40247018,14.29752982,11.52659795,S10,1,49,Balsora_2
211,Balsora,,,,10.89879183,17.30120817,15.63037583,S31,1,49,Balsora_2
212,Balsora,42.21218962,18.28442438,39.503386,13.14650589,12.35349411,9.602558723,S215,1,49,Balsora_2
213,Balsora,34.02298851,3.67816092,62.29885057,12.72839903,16.77160097,14.52525122,S178,1,49,Balsora_2
214,Balsora,46.17886179,14.95934959,38.86178862,19.38628921,14.41371079,12.47257138,S86,1,50,Balsora_2
215,Balsora,40.34482759,17.93103448,41.72413793,17.52477247,12.67522753,10.19607845,S97,1,50,Balsora_2
216,Balsora,20.657277,27.23004695,52.11267606,13.57064805,17.72935195,16.21500127,S34,1,50,Balsora_2
217,Balsora,51.3751719,9.66162437,38.96320373,13.2726347,10.7273653,7.083291131,S100,1,50,Balsora_2
218,Balsora,42.13483146,6.741573034,51.12359551,13.06192471,15.13807529,12.51175504,S51,1,51,Balsora_2
219,Balsora,42.93193717,12.56544503,44.5026178,15.15597875,14.14402125,11.86834637,S81,1,51,Balsora_2
220,Balsora,43.10344828,11.37931034,45.51724138,14.65521584,16.94478416,14.94000745,S148,1,51,Balsora_2
221,Balsora,43.87990762,8.083140878,48.0369515,10.67693846,13.62306154,10.61309922,S37,1,51,Balsora_2
222,Balsora,44.53781513,13.44537815,42.01680672,14.29527133,15.50472867,13.00633447,S177,1,52,Balsora_2
223,Balsora,33.97872595,6.063503446,59.95777061,12.91808111,15.78191889,13.75577248,S63,1,52,Balsora_2
224,Balsora,53.33333333,11.31782946,35.34883721,16.66968202,15.53031798,13.12166555,S23,1,52,Balsora_2
225,Balsora,48.23091248,8.566108007,43.20297952,14.41528384,15.98471616,13.61852112,S204,1,52,Balsora_2
226,Balsora,38.40304183,14.4486692,47.14828897,10.87777386,17.02222614,15.3211588,S131,1,52,Balsora_2
227,Balsora,45.15805705,11.27409406,43.56784888,17.39056429,14.50943571,12.38731102,S91,1,53,Balsora_2
228,Balsora,41.76182708,11.25611746,46.98205546,16.40835285,14.09164715,11.88475835,S124,1,53,Balsora_2
229,Balsora,34.70149254,14.73880597,50.55970149,14.26190538,15.93809462,13.50462255,S30,1,53,Balsora_2
230,Balsora,35.09607603,13.57088353,51.33304044,11.53968963,15.46031037,12.83379322,S206,1,53,Balsora_2
231,Balsora,35.20309478,15.47388781,49.32301741,16.06640632,15.43359368,12.97455676,S195,1,54,Balsora_2
232,Balsora,48.68313343,7.717905826,43.59896074,14.66873934,15.43126066,13.48339144,S101,1,54,Balsora_2
233,Balsora,33.51158645,6.773618538,59.71479501,15.15113238,14.14886762,11.39017895,S5,1,54,Balsora_2
234,Balsora,27.65486726,19.69026549,52.65486726,15.50616317,15.19383683,13.31029619,S220,1,54,Balsora_2
235,Balsora,38.75076807,16.13414,45.11509193,12.79274209,17.20725791,15.08738203,S64,1,55,Balsora_2
236,Balsora,33.33333333,19.7979798,46.86868687,13.90149604,16.09850396,13.68362145,S188,1,55,Balsora_2
237,Balsora,37.7254165,14.02912797,48.24545553,13.75262258,16.44737742,14.26526122,S146,1,55,Balsora_2
238,Balsora,40.42232278,14.32880845,45.24886878,12.99873265,16.70126735,14.40954833,S19,1,55,Balsora_2
239,Balsora,43.15545244,9.280742459,47.5638051,12.94479434,15.55520566,13.56270967,S21,1,55,Balsora_2
240,Balsora,36.73494245,14.81090518,48.45415237,14.30916948,12.89083052,10.28277677,S84,2,56,Balsora_2
241,Balsora,39.79166667,16.04166667,44.16666667,14.34298325,16.95701675,14.74264651,S56,2,56,Balsora_2
242,Balsora,32.09302326,14.41860465,53.48837209,12.18966249,16.81033751,14.53984392,S192,2,56,Balsora_2
243,Balsora,32.71838098,12.21422607,55.06739295,13.56948384,14.93051616,12.78390323,S163,2,56,Balsora_2
244,Balsora,41.06728538,2.552204176,56.38051044,13.42396949,15.77603051,13.85088606,S21,2,57,Balsora_2
245,Balsora,27.42268041,19.3814433,53.19587629,14.26408877,16.93591123,14.96350995,S121,2,57,Balsora_2
246,Balsora,41.45962733,16.77018634,41.77018634,17.19447061,15.80552939,14.09428933,S86,2,57,Balsora_2
247,Balsora,45.23809524,10.71428571,44.04761905,12.24463781,14.15536219,11.70297248,S35,2,57,Balsora_2
248,Balsora,40,6.315789474,53.68421053,15.70456368,18.19543632,16.40717573,S62,2,58,Balsora_2
249,Balsora,41,14.8,44.2,11.78976743,16.51023257,14.34828007,S29,2,58,Balsora_2
250,Balsora,36.61612944,14.54537733,48.83849323,12.69796092,14.70203908,12.48049204,S152,2,58,Balsora_2
251,Balsora,33.401222,3.66598778,62.93279022,13.21648351,17.08351649,14.90439966,S46,2,58,Balsora_2
252,Balsora,40.47332022,4.538629106,54.98805067,13.18334605,15.61665395,13.0756538,S144,2,58,Balsora_2
253,Balsora,52.7607362,17.89366053,29.34560327,29.21668362,3.583316378,2.107833164,S2,2,58,Balsora_2
254,Balsora,36.64921466,13.87434555,49.47643979,18.98998983,13.81001017,11.43040441,S216,2,59,Balsora_2
255,Balsora,36.30136986,12.55707763,51.14155251,12.38932704,15.01067296,12.29107813,S27,2,59,Balsora_2
256,Balsora,42.85714286,5.714285714,51.42857143,13.67138389,15.22861611,13.20954946,S51,2,59,Balsora_2
257,Balsora,56.42965204,14.22087746,29.3494705,40.54481414,8.455185862,4.913844415,S117,2,59,Balsora_2
258,Balsora,40.77104042,8.999003879,50.2299557,15.3447521,17.6552479,15.79487144,S214,2,60,Balsora_2
259,Balsora,45.06090422,5.229751659,49.70934412,13.55594045,15.84405955,13.83187145,S16,2,60,Balsora_2
260,Balsora,,,,9.855502963,16.24449704,14.2238337,S167,2,60,Balsora_2
261,Balsora,46.37931034,4.655172414,48.96551724,16.5653509,14.2346491,11.90720484,S194,2,60,Balsora_2
262,Balsora,40.25908796,10.14168219,49.59922985,14.0172433,15.6827567,13.16776232,S177,2,61,Balsora_2
263,Balsora,29.80721895,19.29976567,50.89301538,16.02571989,15.87428011,14.06502901,S190,2,61,Balsora_2
264,Balsora,28.84527233,14.89769555,56.25703213,13.00644449,14.99355551,12.80482975,S98,2,61,Balsora_2
265,Balsora,40.29227557,15.44885177,44.25887265,12.65956448,13.44043552,10.39273707,S155,2,61,Balsora_2
266,Balsora,38.66995074,12.06896552,49.26108374,10.48586898,16.11413102,13.65635457,S171,2,61,Balsora_2
267,Balsora,34.03823804,13.21924208,52.74251988,14.11048296,15.48951704,12.93762938,S15,2,62,Balsora_2
268,Balsora,45.73826815,6.256300533,48.00543132,13.1028413,17.7971587,15.9014763,S64,2,62,Balsora_2
269,Balsora,40.79845838,7.255665871,51.94587575,13.59709326,16.10290674,13.82944422,S176,2,62,Balsora_2
270,Balsora,36.76513117,8.080975005,55.15389382,15.94284524,15.05715476,12.64842779,S69,2,62,Balsora_2
271,Balsora,40.24503053,15.14790223,44.60706724,14.81839907,15.88160093,13.63163168,S202,2,63,Balsora_2
272,Balsora,31.68879739,9.757663903,58.55353871,12.65693234,16.34306766,14.63579609,S100,2,63,Balsora_2
273,Balsora,32.40343348,8.798283262,58.79828326,15.06071213,15.93928787,13.64904605,S45,2,63,Balsora_2
274,Balsora,36.76148796,8.75273523,54.48577681,13.54182575,16.85817425,15.26574488,S180,2,63,Balsora_2
275,Balsora,48.2024945,5.370148346,46.42735716,16.08933866,16.71066134,14.61732447,S29,2,64,Balsora_2
276,Balsora,43.85275885,4.166185361,51.98105579,14.24752566,14.75247434,12.11729184,S4,2,64,Balsora_2
277,Balsora,47.09576138,6.593406593,46.31083203,18.6567009,15.2432991,13.38113465,S186,2,64,Balsora_2
278,Balsora,31.23644252,18.00433839,50.75921909,13.14451036,16.55548964,14.76394253,S19,2,64,Balsora_2
279,Balsora,41.05661503,7.11928863,51.82409634,14.345863,18.754137,17.11533905,S38,2,64,Balsora_2
280,Balsora,43.75228448,5.336535951,50.91117957,14.87892258,16.42107742,14.15898658,S44,2,65,Balsora_2
281,Balsora,49.3556006,8.149374198,42.4950252,32.71372675,6.286273248,2.429771897,S1,2,65,Balsora_2
282,Balsora,40.42461886,10.57933371,48.99604743,11.10146436,14.49853564,12.01907447,S60,2,65,Balsora_2
283,Balsora,41.23960067,10.70923461,48.05116473,13.27034581,16.12965419,13.73547554,S76,2,65,Balsora_2
284,Balsora,50.20325203,8.333333333,41.46341463,13.19489325,15.10510675,13.12558793,S96,2,66,Balsora_2
285,Balsora,48.33659491,4.69667319,46.9667319,13.13913634,16.96086366,14.94014178,S200,2,66,Balsora_2
286,Balsora,46.10641555,8.382793985,45.51079046,14.34016497,16.45983503,14.07981147,S185,2,66,Balsora_2
287,Balsora,46.87837496,10.84124176,42.28038328,12.36357952,16.73642048,14.92622294,S168,2,66,Balsora_2
288,Balsora,38.24992622,5.887684978,55.8623888,13.57392262,17.12607738,15.39938382,S64,2,67,Balsora_2
289,Balsora,,,,14.66564124,15.73435876,13.35385599,S41,2,67,Balsora_2
290,Balsora,59.92325199,3.696197485,36.38055053,32.75256942,5.747430576,1.938729334,S132,2,67,Balsora_2
291,Balsora,42.86251929,8.588310564,48.54917015,14.73422949,16.16577051,13.78585538,S68,2,67,Balsora_2
292,Balsora,38.32119741,13.33737864,48.34142395,13.60446931,16.49553069,14.61634603,S30,2,67,Balsora_2
293,Balsora,43.09090909,12.36363636,44.54545455,14.57356048,8.926439523,5.440099766,S105,2,68,Balsora_2
294,Balsora,59.81635559,9.268426483,30.91521793,23.07240295,11.62759705,8.585983181,S166,2,68,Balsora_2
295,Balsora,47.68786127,8.109486569,44.20265216,15.25224694,14.44775306,12.11907909,S217,2,68,Balsora_2
296,Balsora,42.39543726,10.45627376,47.14828897,16.16150819,15.03849181,12.45837447,S88,2,68,Balsora_2
297,Balsora,49.00457417,2.422130255,48.57329558,12.60273848,15.09726152,12.99907248,S94,2,69,Balsora_2
298,Balsora,48.87137909,11.73156713,39.39705379,14.07789748,16.52210252,14.79844469,S199,2,69,Balsora_2
299,Balsora,38.57442348,7.547169811,53.87840671,14.466863,17.233137,15.19139945,S134,2,69,Balsora_2
300,Balsora,,,,13.64633545,16.45366455,14.13156516,S120,2,69,Balsora_2
301,Balsora,40.32980501,4.866852368,54.80334262,14.30477811,15.69522189,13.43826967,S177,2,70,Balsora_2
302,Balsora,46.13662003,7.607213214,46.25616676,12.26614651,17.03385349,15.365214,S146,2,70,Balsora_2
303,Balsora,42.74952919,7.90960452,49.34086629,15.68352263,15.31647737,12.8907829,S201,2,70,Balsora_2
304,Balsora,46.65314402,8.31643002,45.03042596,12.02580672,15.67419328,13.84453041,S10,2,70,Balsora_2
305,Balsora,54.77941176,9.558823529,35.66176471,13.93924272,15.66075728,13.80114078,S9,2,70,Balsora_2
306,Balsora,32.75563258,15.94454073,51.29982669,17.54613425,15.25386575,13.19671441,S196,2,71,Balsora_2
307,Balsora,37.40077499,5.415522366,57.18370264,12.49554093,13.30445907,10.72063319,S125,2,71,Balsora_2
308,Balsora,32.2519084,11.25954198,56.48854962,15.27157016,14.32842984,11.65096155,S114,2,71,Balsora_2
309,Balsora,43.7678568,9.508075645,46.72406756,11.31002531,13.78997469,10.86655649,S204,2,71,Balsora_2
310,Balsora,14.49275362,32.60869565,52.89855072,17.92593225,15.17406775,12.77809939,S129,2,72,Balsora_2
311,Balsora,33.68059262,12.30920308,54.0102043,13.08090701,15.91909299,14.13658218,S74,2,72,Balsora_2
312,Balsora,40.13888889,18.75,41.11111111,20.24657305,13.05342695,10.34642539,S140,2,72,Balsora_2
313,Balsora,45.67750634,8.417065263,45.9054284,17.51308232,12.88691768,10.41540545,S123,2,72,Balsora_2
314,Balsora,37.68939394,13.4469697,48.86363636,17.32903586,12.87096414,10.49933367,S64,2,73,Balsora_2
315,Balsora,37.4025974,10.90909091,51.68831169,11.58120285,17.81879715,15.86387719,S169,2,73,Balsora_2
316,Balsora,41.29554656,13.36032389,45.34412955,15.53847949,16.96152051,14.96317198,S130,2,73,Balsora_2
317,Balsora,52.7420062,8.223582715,39.03441108,16.24466058,14.95533942,12.92622857,S29,2,73,Balsora_2
318,Balsora,45.93738035,7.502020675,46.56059897,13.09236653,16.90763347,15.19093348,S39,2,73,Balsora_2
319,Balsora,37.5,13.65131579,48.84868421,16.49943071,13.90056929,11.29675125,S25,2,74,Balsora_2
320,Balsora,39.08730159,16.66666667,44.24603175,14.14215094,15.95784906,13.75710444,S59,2,74,Balsora_2
321,Balsora,,,,12.50299977,16.19700023,14.36294267,S113,2,74,Balsora_2
322,Balsora,61.30378224,7.525219056,31.1709987,14.06342647,17.03657353,15.53104533,S157,2,74,Balsora_2
323,Balsora,,,,11.5752174,17.6247826,16.06590099,S218,2,75,Balsora_2
324,Balsora,51.97472354,8.372827804,39.65244866,13.03285594,15.36714406,13.3835545,S104,2,75,Balsora_2
325,Balsora,31.75577306,4.186171523,64.05805541,12.1328996,16.3671004,14.60023791,S57,2,75,Balsora_2
326,Balsora,50,3.125,46.875,12.85543455,15.64456545,13.12761755,S149,2,75,Balsora_2
327,Balsora,41.39650873,11.22194514,47.38154613,12.25097068,15.64902932,13.60995355,S177,2,76,Balsora_2
328,Balsora,,,,12.98631709,15.61368291,13.13718274,S36,2,76,Balsora_2
329,Balsora,47.89473684,10.87719298,41.22807018,19.74101451,16.25898549,14.79766333,S99,2,76,Balsora_2
330,Balsora,50.22573363,10.15801354,39.61625282,22.20537364,8.994626362,5.740143399,S110,2,76,Balsora_2
331,Balsora,40.24390244,23.84823848,35.90785908,19.12372635,10.07627365,6.958353645,S160,2,76,Balsora_2
332,Balsora,32.33099307,11.3701594,56.29884753,12.54648392,16.75351608,14.72180674,S154,2,77,Balsora_2
333,Balsora,52.1023766,7.495429616,40.40219378,16.03418781,14.66581219,12.6680238,S26,2,77,Balsora_2
334,Balsora,49.55331511,8.878579795,41.56810509,12.16618662,17.23381338,15.01654149,S13,2,77,Balsora_2
335,Balsora,,,,13.09439853,16.10560147,13.73092163,S23,2,77,Balsora_2
336,Balsora,41.96078431,10.58823529,47.45098039,14.40226706,15.59773294,13.39330423,S102,2,78,Balsora_2
337,Balsora,,,,,,,S205,2,78,Balsora_2
338,Balsora,38.62928349,18.53582555,42.83489097,16.12104431,14.87895569,12.37582183,S210,2,78,Balsora_2
339,Balsora,36.75799087,18.26484018,44.97716895,13.89441416,16.10558584,13.9474596,S64,2,78,Balsora_2
340,Balsora,44.24460432,11.33093525,44.42446043,15.35481413,16.74518587,14.80704387,S29,2,79,Balsora_2
341,Balsora,34.89341875,7.61560862,57.49097263,13.48775424,15.71224576,13.28321751,S206,2,79,Balsora_2
342,Balsora,47.64705882,6.274509804,46.07843137,13.07433211,15.82566789,13.63170352,S193,2,79,Balsora_2
343,Balsora,49.28774929,8.689458689,42.02279202,14.21725679,12.48274321,9.885491627,S108,2,79,Balsora_2
344,Balsora,48.71722794,10.86186541,40.42090665,15.91712267,15.18287733,13.26119606,S93,2,79,Balsora_2
345,Balsora,46.08992963,6.915676062,46.99439431,12.98331018,15.21668982,12.66031752,S127,2,80,Balsora_2
346,Balsora,25.2173913,18.47826087,56.30434783,7.297499776,9.202500224,5.473600589,S212,2,80,Balsora_2
347,Balsora,32.1849882,16.44939417,51.36561763,14.02817509,14.57182491,12.11596963,S87,2,80,Balsora_2
348,Balsora,26.03776844,18.69134665,55.27088491,7.299584136,16.90041586,15.30429169,S83,2,80,Balsora_2
349,Balsora,41.93548387,6.88172043,51.1827957,12.71270208,14.98729792,13.02938831,S174,2,81,Balsora_2
350,Balsora,,,,,,,S221,2,81,Balsora_2
351,Balsora,47.36842105,5.639097744,46.9924812,13.83899622,15.06100378,13.08476912,S78,2,81,Balsora_2
352,Balsora,33.82716983,8.915512387,57.25731779,10.79667112,16.50332888,14.37119249,S181,2,81,Balsora_2
353,Balsora,46.28820961,5.021834061,48.68995633,12.83792773,15.86207227,13.59845354,S177,2,82,Balsora_2
354,Balsora,28.88402626,18.81838074,52.297593,14.07313542,15.92686458,13.7283912,S66,2,82,Balsora_2
355,Balsora,48.69739479,5.210420842,46.09218437,15.83049514,12.86950486,9.943072028,S124,2,82,Balsora_2
356,Balsora,46.42857143,6.385281385,47.18614719,27.19415559,9.505844413,6.172344515,S106,2,82,Balsora_2
357,Balsora,43.74053756,8.63957215,47.61989028,13.8741772,15.6258228,13.28855761,S33,2,82,Balsora_2
358,Balsora,50.90101117,4.408081797,44.69090704,14.02430185,17.77569815,16.43589919,S195,2,83,Balsora_2
359,Balsora,41.13475177,13.29787234,45.56737589,14.53922301,11.86077699,8.708837967,S7,2,83,Balsora_2
360,Balsora,59.06747935,9.149312414,31.78320823,15.64972123,13.85027877,11.53189403,S89,2,83,Balsora_2
361,Balsora,37.33552632,19.24342105,43.42105263,16.68769015,16.81230985,15.0483246,S61,2,83,Balsora_2
362,Balsora,25.17482517,18.88111888,55.94405594,14.58224587,15.91775413,14.19887127,S48,2,84,Balsora_2
363,Balsora,43.30861068,2.050324592,54.64106473,17.64918442,14.35081558,11.74943156,S215,2,84,Balsora_2
364,Balsora,39.53974895,7.531380753,52.92887029,15.9334195,15.0665805,13.18518891,S142,2,84,Balsora_2
365,Balsora,59.71802618,8.257804632,32.02416918,23.60825646,9.591743539,6.132755025,S208,2,84,Balsora_2
366,Balsora,36.56387665,6.387665198,57.04845815,16.22451851,15.77548149,14.10332116,S29,2,85,Balsora_2
367,Balsora,46.61756374,7.906110886,45.47632537,19.1016355,14.6983645,12.2436847,S135,2,85,Balsora_2
368,Balsora,37.52660614,4.70005647,57.77333739,12.82197917,15.87802083,13.97551798,S63,2,85,Balsora_2
369,Balsora,29.81138704,8.049535604,62.13907736,11.92976641,17.37023359,15.24529218,S170,2,85,Balsora_2
370,Balsora,33.81742739,16.59751037,49.58506224,15.51466162,13.18533838,10.72818796,S82,2,85,Balsora_2
371,Balsora,30.33707865,3.745318352,65.917603,14.87365902,15.62634098,13.83825093,S187,2,86,Balsora_2
372,Balsora,30.60478838,16.2918416,53.10337002,14.25101429,16.74898571,15.21301039,S71,2,86,Balsora_2
373,Balsora,36.89019769,25.55269255,37.55710976,14.94333693,14.25666307,11.53503951,S5,2,86,Balsora_2
374,Balsora,40.13921114,10.20881671,49.65197216,12.47718093,15.62281907,13.75100948,S11,2,86,Balsora_2
375,Balsora,42.38410596,14.83443709,42.78145695,14.828417,12.471583,9.428103728,S184,2,87,Balsora_2
376,Balsora,39.4775742,9.388493406,51.13393239,14.16102861,15.53897139,13.58224017,S43,2,87,Balsora_2
377,Balsora,44.20803783,9.219858156,46.57210402,13.613362,15.086638,13.10165517,S145,2,87,Balsora_2
378,Balsora,37.8574235,13.86039202,48.28218449,14.64685808,13.05314192,10.1095668,S136,2,87,Balsora_2
379,Balsora,,,,14.20505367,14.79494633,12.20690775,S64,2,88,Balsora_2
380,Balsora,40.90707638,9.87484963,49.21807399,14.1111667,15.6888333,13.35149001,S12,2,88,Balsora_2
381,Balsora,27.70094172,3.667859749,68.63119853,13.17422764,15.42577236,13.54164289,S49,2,88,Balsora_2
382,Balsora,29.18552036,20.81447964,50,13.79105416,16.00894584,13.68319537,S183,2,88,Balsora_2
383,Balsora,39.89961238,10.3620742,49.73831342,13.55484844,12.64515156,9.605210541,S165,2,88,Balsora_2
384,Balsora,47.91098787,8.163361218,43.92565091,12.15420547,13.34579453,10.42278804,S197,2,89,Balsora_2
385,Balsora,39.85377499,12.63375538,47.51246963,13.18317342,16.21682658,14.0637916,S28,2,89,Balsora_2
386,Balsora,38.87640449,13.25842697,47.86516854,12.79709572,16.90290428,15.3178067,S95,2,89,Balsora_2
387,Balsora,32.32026144,15.85901027,51.82072829,13.97485006,14.02514994,11.65340375,S131,2,89,Balsora_2
388,Balsora,29.12087912,13.36996337,57.50915751,19.37868883,14.92131117,12.91932577,S34,2,90,Balsora_2
389,Balsora,21.53846154,15.16483516,63.2967033,12.50039959,14.19960041,11.85770905,S126,2,90,Balsora_2
390,Balsora,42.66015414,7.30471045,50.03513542,23.28290288,8.317097118,5.087976333,S111,2,90,Balsora_2
391,Balsora,45.70004231,9.218005555,45.08195213,13.16185246,15.03814754,12.56209666,S20,2,90,Balsora_2
392,Balsora,45.44928857,7.440246723,47.11046471,15.29912457,16.40087543,14.83576968,S29,2,91,Balsora_2
393,Balsora,35.52609913,24.13140128,40.34249959,11.44070873,16.75929127,15.01093351,S151,2,91,Balsora_2
394,Balsora,40.94076655,11.32404181,47.73519164,16.83874384,12.46125616,9.998405601,S81,2,91,Balsora_2
395,Balsora,,,,13.92627964,16.07372036,13.91225102,S179,2,91,Balsora_2
396,Balsora,27.91612058,3.669724771,68.41415465,18.67742239,12.72257761,9.709060912,S133,2,91,Balsora_2
397,Balsora,37.83963826,13.30897493,48.85138681,14.97575662,16.22424338,14.55517836,S118,2,92,Balsora_2
398,Balsora,45.871782,9.341943526,44.78627448,31.98121027,6.118789727,2.371840984,S3,2,92,Balsora_2
399,Balsora,24.50765864,15.75492341,59.73741794,13.60601979,16.59398021,14.42050319,S207,2,92,Balsora_2
400,Balsora,34.76070529,13.09823678,52.14105793,10.817527,17.582473,15.5921164,S73,2,92,Balsora_2
401,Balsora,50.89862828,8.48820903,40.61316269,16.98887816,14.41112184,12.2303288,S8,2,93,Balsora_2
402,Balsora,49.65428266,6.13018324,44.2155341,12.46388956,15.73611044,13.40952162,S116,2,93,Balsora_2
403,Balsora,52.39520958,5.089820359,42.51497006,7.430639324,15.66936068,13.55685565,S209,2,93,Balsora_2
404,Balsora,47.36653143,2.655010232,49.97845833,14.79026101,15.90973899,14.16550931,S55,2,93,Balsora_2
405,Balsora,,,,14.99500775,15.50499225,13.62203662,S64,2,94,Balsora_2
406,Balsora,37.25868726,13.51351351,49.22779923,13.6478373,16.7521627,14.84905891,S53,2,94,Balsora_2
407,Balsora,53.73714618,36.27048436,9.992369463,16.16774746,13.53225254,11.19876453,S103,2,94,Balsora_2
408,Balsora,39.35960687,3.894229832,56.7461633,14.95517923,13.14482077,10.68231681,S198,2,94,Balsora_2
409,Balsora,47.53915736,2.776106766,49.68473587,10.01694991,12.28305009,8.925418235,S162,2,94,Balsora_2
410,Balsora,39.21731164,8.210811047,52.57187732,12.02719205,14.07280795,11.50219908,S17,2,95,Balsora_2
411,Balsora,48.90693739,7.149464185,43.94359842,15.9165232,15.6834768,13.85175609,S191,2,95,Balsora_2
412,Balsora,43.90215827,14.38273381,41.71510791,10.96081005,12.73918995,9.602733828,S107,2,95,Balsora_2
413,Balsora,36.76092545,13.88174807,49.35732648,11.26544737,14.03455263,11.60926,S80,2,95,Balsora_2
414,Balsora,35.87174349,9.819639279,54.30861723,11.9416704,15.4583296,13.4131402,S177,2,96,Balsora_2
415,Balsora,35.31622925,14.93625597,49.74751478,13.47898362,16.32101638,14.11051863,S173,2,96,Balsora_2
416,Balsora,38.74468627,8.95057496,52.30473877,9.903528104,16.5964719,14.90361711,S50,2,96,Balsora_2
417,Balsora,38.50464703,9.907520583,51.58783238,11.45316709,13.94683291,11.1353975,S211,2,96,Balsora_2
418,Balsora,44.92440605,10.79913607,44.27645788,11.43407207,16.86592793,15.17683335,S177,2,97,Balsora_2
419,Balsora,44.05278949,9.433289272,46.51392124,9.344886427,13.85511357,11.35291382,S24,2,97,Balsora_2
420,Balsora,38.9380531,15.39823009,45.66371681,10.24676789,15.95323211,13.73953428,S138,2,97,Balsora_2
421,Balsora,52.85577401,9.059153153,38.08507283,22.18148946,12.11851054,9.293146639,S139,2,97,Balsora_2
422,Balsora,41.94977843,15.21418021,42.83604136,20.78933313,10.11066687,7.344958195,S6,2,97,Balsora_2
423,Balsora,45.22058824,16.72794118,38.05147059,15.04988862,13.75011138,11.4470503,S143,2,98,Balsora_2
424,Balsora,48.17473567,7.024207012,44.80105732,20.61530024,14.48469976,12.12973551,S42,2,98,Balsora_2
425,Balsora,32.26495726,16.66666667,51.06837607,15.04703035,15.15296965,13.27138348,S18,2,98,Balsora_2
426,Balsora,,,,,,,S119,2,98,Balsora_2
427,Balsora,46.91358025,7.231040564,45.85537919,15.20131526,15.29868474,12.9513814,S153,2,99,Balsora_2
428,Balsora,47.4609375,11.5234375,41.015625,14.13543485,13.46456515,10.86369172,S158,2,99,Balsora_2
429,Balsora,35.23809524,16.19047619,48.57142857,13.56764631,16.03235369,14.1544879,S188,2,99,Balsora_2
430,Balsora,52.68138801,6.624605678,40.69400631,18.21851229,14.28148771,11.83503114,S91,2,99,Balsora_2
431,Balsora,47.33854713,10.70224946,41.95920342,14.55660537,15.64339463,13.50036979,S64,2,100,Balsora_2
432,Balsora,31.67701863,17.39130435,50.93167702,,,,S85,2,100,Balsora_2
433,Balsora,32.8320802,7.01754386,60.15037594,10.74639974,14.65360026,12.02888461,S37,2,100,Balsora_2
434,Balsora,40.31668697,10.83872296,48.84459007,18.71909039,13.48090961,11.21944308,S147,2,100,Balsora_2
435,Balsora,,,,9.728127382,14.37187262,12.00846339,S182,2,100,Balsora_2
436,Balsora,,,,,,,S31,2,101,Balsora_2
437,Balsora,40.06968641,9.930313589,50,15.55276591,16.94723409,15.37277692,S92,2,101,Balsora_2
438,Balsora,28.38749301,2.84818109,68.7643259,18.16749438,12.53250562,10.13618236,S97,2,101,Balsora_2
439,Balsora,31.52986832,7.622025884,60.8481058,16.43354454,15.56645546,13.4592296,S150,2,101,Balsora_2
440,Balsora,36.90316177,7.018341984,56.07849625,11.47202749,16.42797251,14.61774016,S14,2,102,Balsora_2
441,Balsora,31.48698413,20.02285714,48.49015873,10.96916105,13.63083895,11.26704961,S72,2,102,Balsora_2
442,Balsora,50.80831409,3.464203233,45.72748268,10.59374193,13.00625807,9.97032769,S164,2,102,Balsora_2
443,Balsora,26.41791045,35.07462687,38.50746269,13.05493084,17.54506916,15.75078918,S58,2,102,Balsora_2
444,Balsora,46.875,10.66176471,42.46323529,13.74405593,14.25594407,11.61759439,S177,2,103,Balsora_2
445,Balsora,13.95833333,34.89583333,51.14583333,9.857505039,15.64249496,13.63622795,S67,2,103,Balsora_2
446,Balsora,47.56756757,2.882882883,49.54954955,14.4272379,16.3727621,14.50399845,S137,2,103,Balsora_2
447,Balsora,47.14044465,6.556520831,46.30303452,14.80820944,15.29179056,13.16137864,S101,2,103,Balsora_2
448,Balsora,46.86998395,8.186195827,44.94382022,17.25572988,15.04427012,12.69556159,S90,2,103,Balsora_2
449,Balsora,42.41245136,13.22957198,44.35797665,14.81095778,13.78904222,11.18346303,S128,2,104,Balsora_2
450,Balsora,41.46788991,9.724770642,48.80733945,14.5816579,15.7183421,13.3280342,S203,2,104,Balsora_2
451,Balsora,52.66502665,5.088781657,42.24619169,14.85919518,10.54080482,7.338421517,S161,2,104,Balsora_2
452,Balsora,41.62467123,6.306342482,52.06898629,13.1702632,15.2297368,12.79325778,S112,2,104,Balsora_2
453,Balsora,50.14619883,11.25730994,38.59649123,19.87114236,14.22885764,12.20788679,S79,2,105,Balsora_2
454,Balsora,45.37177542,12.59484067,42.03338392,20.99428688,12.50571312,9.653787743,S156,2,105,Balsora_2
455,Balsora,40.21413186,11.42670102,48.35916712,12.66695338,14.43304662,11.92613077,S159,2,105,Balsora_2
456,Balsora,41.74950298,11.92842942,46.32206759,14.99128345,16.10871655,14.43387186,S77,2,105,Balsora_2
457,Balsora,39.45115762,8.65202321,51.89681917,15.43918533,15.86081467,13.75802833,S64,2,106,Balsora_2
458,Balsora,39.49152542,13.55932203,46.94915254,15.7229966,16.0770034,14.45019549,S175,2,106,Balsora_2
459,Balsora,48.97112388,7.658368067,43.37050805,15.12067998,16.67932002,14.74162075,S22,2,106,Balsora_2
460,Balsora,38.06706114,19.1321499,42.80078895,11.96901938,16.93098062,15.34593222,S172,2,106,Balsora_2
461,Balsora,39.87206823,13.2196162,46.90831557,14.14355552,16.15644448,14.36254428,S141,2,106,Balsora_2
462,Balsora,32.59803922,21.07843137,46.32352941,11.90705941,14.39294059,11.771895,S189,2,107,Balsora_2
463,Balsora,37.45387454,15.49815498,47.04797048,13.957978,13.942022,11.67914912,S52,2,107,Balsora_2
464,Balsora,39.88714545,11.5591549,48.55369964,12.26448032,15.63551968,13.31099939,S148,2,107,Balsora_2
465,Balsora,40.04065041,8.536585366,51.42276423,14.91517745,15.58482255,13.25813883,S75,2,107,Balsora_2
466,Balsora,38.61940299,11.75373134,49.62686567,13.43050698,16.66949302,14.99144411,S115,2,108,Balsora_2
467,Balsora,51.35096084,3.445001754,45.2040374,13.93493137,15.36506863,13.36705303,S70,2,108,Balsora_2
468,Balsora,35.6870229,15.83969466,48.47328244,13.95778021,17.24221979,15.47770568,S65,2,108,Balsora_2
469,Balsora,35.2833638,14.80804388,49.90859232,15.80288588,15.29711412,12.92985363,S40,2,108,Balsora_2
470,Balsora,45.13274336,11.15044248,43.71681416,16.07406362,16.02593638,14.37931246,S29,2,109,Balsora_2
471,Balsora,41.40969163,9.691629956,48.89867841,11.18425225,16.61574775,14.37830897,S178,2,109,Balsora_2
472,Balsora,40.02298805,8.909851172,51.06716078,13.80500643,16.39499357,14.61891677,S54,2,109,Balsora_2
473,Balsora,36.23188406,14.49275362,49.27536232,14.40018969,16.19981031,13.87777938,S219,2,109,Balsora_2
474,Balsora,47.11033275,9.982486865,42.90718039,12.96327823,14.13672177,11.80125439,S32,2,109,Balsora_2
475,Balsora,49.81132075,7.358490566,42.83018868,15.07255908,14.12744092,11.56116273,S109,2,110,Balsora_2
476,Balsora,,,,13.99265171,15.30734829,12.81273814,S220,2,110,Balsora_2
477,Balsora,33.63431151,16.93002257,49.43566591,14.40681191,14.39318809,11.79285657,S47,2,110,Balsora_2
478,Balsora,36.39846743,16.47509579,47.12643678,15.10897482,13.79102518,11.43380652,S122,2,110,Balsora_2
